"budget","age","categories.SinglePlayer","categories.MultiPlayer","categories.Coop","tags.Action","tags.Adventure","tags.Casual","tags.Experimental","tags.Puzzel","tags.Racing","tags.RPG","tags.Simulation","tags.Sports","tags.Strategy","tags.Tabletop","tags.Indie","gameIndex"
200,17,"Yes","Yes","Yes","No","No","Yes","No","Yes","No","Yes","Yes","No","Yes","Yes","Yes",1
1250,13,"No","Yes","Yes","No","No","No","No","No","Yes","Yes","No","No","Yes","Yes","No",2
300,30,"Yes","No","Yes","No","No","Yes","Yes","No","No","Yes","No","Yes","Yes","Yes","Yes",5
1250,30,"No","No","No","No","No","Yes","Yes","Yes","Yes","Yes","Yes","Yes","Yes","No","Yes",2
1650,18,"Yes","Yes","Yes","Yes","Yes","No","Yes","Yes","No","No","No","Yes","No","No","Yes",5
1250,29,"No","Yes","Yes","No","Yes","No","Yes","Yes","Yes","Yes","No","Yes","Yes","No","Yes",2
1500,25,"Yes","No","No","No","Yes","No","No","Yes","No","No","No","No","No","Yes","No",5
950,17,"No","No","No","Yes","No","Yes","No","Yes","Yes","Yes","No","Yes","Yes","No","Yes",2
600,31,"Yes","No","Yes","No","Yes","Yes","No","No","No","Yes","No","Yes","Yes","Yes","Yes",1
1200,37,"No","No","Yes","Yes","No","No","Yes","Yes","Yes","No","No","No","Yes","Yes","Yes",5
1350,12,"Yes","No","Yes","No","No","Yes","No","No","Yes","Yes","Yes","No","Yes","Yes","No",5
1900,22,"No","Yes","Yes","No","No","No","Yes","Yes","Yes","Yes","Yes","Yes","No","No","Yes",1
850,21,"No","No","Yes","Yes","No","Yes","No","No","Yes","No","Yes","Yes","No","Yes","Yes",1
500,18,"Yes","Yes","No","Yes","Yes","No","No","No","Yes","Yes","Yes","No","No","Yes","Yes",1
1800,26,"No","No","No","Yes","No","Yes","No","No","No","Yes","No","Yes","Yes","No","No",1
50,23,"No","No","No","No","No","Yes","Yes","Yes","No","No","Yes","No","No","No","Yes",4
500,21,"Yes","No","Yes","No","Yes","No","No","No","No","No","Yes","Yes","No","No","Yes",3
1450,28,"No","Yes","Yes","No","Yes","No","No","No","Yes","No","Yes","No","Yes","Yes","No",1
1400,35,"No","No","No","Yes","No","No","Yes","Yes","Yes","Yes","Yes","No","No","No","Yes",5
1000,32,"Yes","No","No","No","Yes","Yes","Yes","No","No","No","No","Yes","No","Yes","No",3
550,33,"Yes","Yes","No","Yes","No","No","Yes","No","Yes","Yes","Yes","No","No","No","Yes",5
250,20,"No","Yes","No","Yes","No","Yes","Yes","No","No","No","No","Yes","No","No","No",1
100,17,"Yes","Yes","No","Yes","No","No","No","Yes","Yes","No","Yes","No","No","No","Yes",1
2000,21,"Yes","No","Yes","No","Yes","Yes","No","Yes","No","No","No","No","No","Yes","Yes",5
450,28,"No","No","No","No","Yes","No","Yes","No","No","No","Yes","No","No","No","No",3
1000,15,"Yes","No","Yes","No","No","No","Yes","No","Yes","No","Yes","No","No","Yes","Yes",3
1700,15,"Yes","Yes","No","Yes","Yes","No","No","Yes","Yes","Yes","No","Yes","Yes","No","No",1
1400,23,"No","No","Yes","Yes","Yes","Yes","Yes","Yes","No","Yes","No","No","No","Yes","Yes",1
1750,14,"No","No","No","No","No","Yes","No","Yes","No","Yes","No","Yes","Yes","Yes","No",3
1800,14,"Yes","Yes","Yes","Yes","No","Yes","No","No","Yes","No","Yes","Yes","No","No","Yes",3
950,12,"Yes","Yes","Yes","No","No","No","Yes","No","Yes","No","No","Yes","Yes","Yes","No",1
1700,18,"No","No","Yes","Yes","Yes","Yes","No","No","No","No","Yes","No","Yes","Yes","No",4
1300,23,"Yes","Yes","Yes","No","Yes","No","Yes","No","Yes","Yes","No","No","Yes","No","No",5
1450,34,"Yes","No","Yes","Yes","No","Yes","No","Yes","No","Yes","No","Yes","No","No","No",3
400,29,"No","Yes","No","No","No","No","No","No","No","No","Yes","Yes","Yes","Yes","No",3
1250,27,"No","Yes","Yes","No","Yes","No","Yes","No","No","No","No","Yes","No","No","Yes",3
1800,34,"No","No","No","No","No","Yes","Yes","No","No","No","Yes","No","No","Yes","Yes",3
50,16,"Yes","Yes","No","Yes","Yes","Yes","No","No","No","Yes","No","Yes","No","Yes","No",5
1200,34,"Yes","Yes","No","Yes","Yes","Yes","No","No","Yes","No","Yes","Yes","No","No","No",1
700,33,"Yes","Yes","Yes","No","Yes","Yes","Yes","No","Yes","No","No","Yes","Yes","No","Yes",2
250,12,"Yes","Yes","Yes","Yes","No","No","Yes","Yes","Yes","No","Yes","Yes","No","Yes","Yes",3
1700,23,"Yes","Yes","Yes","No","Yes","Yes","No","No","Yes","Yes","No","Yes","Yes","Yes","Yes",5
1700,15,"No","No","No","Yes","Yes","No","No","No","Yes","Yes","No","No","No","No","Yes",3
650,27,"No","No","No","Yes","Yes","Yes","No","Yes","No","No","Yes","Yes","No","Yes","No",4
850,38,"Yes","Yes","Yes","Yes","No","No","Yes","Yes","No","No","Yes","Yes","Yes","Yes","Yes",2
800,31,"Yes","No","Yes","Yes","Yes","Yes","Yes","No","No","No","Yes","Yes","Yes","No","Yes",3
900,23,"No","No","No","Yes","No","No","No","Yes","Yes","Yes","Yes","Yes","No","Yes","Yes",3
500,23,"No","No","Yes","Yes","No","No","Yes","Yes","Yes","No","No","Yes","No","No","Yes",4
1700,24,"No","Yes","No","No","No","Yes","Yes","Yes","Yes","Yes","No","Yes","No","Yes","No",5
50,37,"Yes","Yes","No","No","No","Yes","No","No","Yes","Yes","No","No","Yes","No","Yes",3
350,29,"Yes","Yes","No","No","Yes","No","Yes","Yes","Yes","Yes","No","No","Yes","Yes","Yes",1
200,13,"No","Yes","Yes","Yes","No","No","Yes","Yes","No","Yes","No","No","Yes","No","Yes",2
1150,39,"No","Yes","Yes","No","Yes","Yes","No","Yes","Yes","No","No","No","Yes","No","No",5
1100,18,"No","No","No","Yes","No","Yes","Yes","No","No","No","Yes","No","Yes","No","Yes",1
1650,27,"Yes","Yes","Yes","No","Yes","Yes","No","Yes","No","No","Yes","Yes","Yes","No","Yes",5
1450,15,"No","Yes","Yes","Yes","Yes","Yes","Yes","No","Yes","No","Yes","No","Yes","No","Yes",3
1400,32,"Yes","Yes","No","No","No","Yes","Yes","Yes","No","Yes","No","No","Yes","Yes","Yes",4
550,20,"Yes","No","No","Yes","No","Yes","Yes","Yes","Yes","No","Yes","No","No","No","No",3
500,38,"No","Yes","No","No","No","No","Yes","Yes","No","Yes","Yes","Yes","No","No","Yes",3
1600,34,"No","Yes","Yes","Yes","No","No","Yes","No","Yes","No","Yes","Yes","Yes","No","No",4
1900,32,"Yes","No","Yes","Yes","Yes","Yes","No","No","Yes","Yes","Yes","No","No","No","Yes",3
1500,20,"Yes","Yes","Yes","No","No","No","No","Yes","Yes","Yes","Yes","Yes","No","Yes","Yes",4
950,39,"Yes","No","Yes","Yes","Yes","Yes","Yes","Yes","No","Yes","Yes","No","Yes","No","Yes",4
1350,26,"Yes","Yes","No","No","Yes","No","Yes","Yes","No","Yes","No","No","No","Yes","Yes",5
1450,28,"No","No","No","Yes","Yes","No","No","No","Yes","Yes","Yes","Yes","No","Yes","Yes",3
150,38,"Yes","Yes","Yes","Yes","Yes","Yes","No","No","Yes","No","No","Yes","No","No","No",1
150,14,"Yes","Yes","Yes","No","Yes","Yes","No","No","No","Yes","No","Yes","No","No","No",5
900,14,"No","Yes","No","Yes","Yes","Yes","Yes","Yes","Yes","Yes","Yes","Yes","No","No","Yes",3
250,22,"Yes","No","Yes","No","No","No","Yes","No","No","No","Yes","No","No","No","No",4
750,29,"Yes","No","No","Yes","Yes","Yes","No","Yes","Yes","Yes","Yes","Yes","Yes","Yes","No",4
1500,16,"Yes","Yes","Yes","Yes","Yes","Yes","Yes","Yes","No","No","Yes","No","No","No","No",1
1850,30,"Yes","Yes","No","No","Yes","Yes","Yes","No","No","No","Yes","Yes","No","Yes","No",4
450,17,"Yes","No","No","No","No","Yes","No","Yes","Yes","Yes","Yes","No","No","Yes","Yes",2
900,29,"Yes","Yes","Yes","Yes","Yes","No","Yes","Yes","No","No","Yes","No","Yes","No","No",2
500,33,"Yes","No","No","No","No","Yes","No","Yes","Yes","Yes","No","No","No","No","Yes",1
1250,18,"No","Yes","Yes","No","No","Yes","No","No","Yes","Yes","No","Yes","Yes","No","Yes",3
250,28,"Yes","Yes","Yes","Yes","Yes","No","No","No","No","No","No","Yes","No","No","Yes",5
1250,40,"No","Yes","No","Yes","Yes","Yes","Yes","No","No","No","Yes","No","Yes","No","No",5
1750,37,"No","Yes","Yes","No","Yes","No","Yes","No","Yes","No","Yes","Yes","No","Yes","No",4
800,34,"Yes","Yes","No","No","Yes","No","Yes","Yes","No","Yes","Yes","No","Yes","Yes","Yes",3
1700,29,"Yes","Yes","Yes","Yes","Yes","No","Yes","No","Yes","No","Yes","Yes","Yes","Yes","No",5
1450,37,"No","No","No","No","No","No","No","Yes","No","No","Yes","No","No","Yes","No",1
1750,22,"No","Yes","Yes","No","Yes","Yes","No","No","No","Yes","No","Yes","No","Yes","No",1
1200,26,"No","Yes","Yes","No","No","No","No","No","Yes","No","No","Yes","No","No","No",3
100,36,"No","No","Yes","Yes","No","No","Yes","Yes","Yes","No","No","Yes","Yes","Yes","No",4
1550,26,"Yes","No","No","No","Yes","No","No","No","No","Yes","No","No","Yes","No","Yes",1
400,27,"No","No","No","Yes","Yes","No","Yes","No","No","No","No","No","No","No","Yes",1
700,32,"No","Yes","Yes","Yes","No","Yes","Yes","No","No","No","No","Yes","No","Yes","Yes",3
1350,18,"Yes","Yes","No","No","No","No","No","Yes","Yes","No","No","No","Yes","Yes","No",5
1800,13,"Yes","No","No","Yes","Yes","Yes","Yes","No","Yes","No","No","No","No","Yes","Yes",3
1250,14,"Yes","Yes","Yes","Yes","Yes","No","Yes","No","No","No","No","No","No","Yes","Yes",3
1050,15,"Yes","Yes","Yes","Yes","No","Yes","Yes","Yes","Yes","Yes","Yes","No","No","No","Yes",2
1350,27,"No","No","No","Yes","Yes","No","No","No","No","No","No","Yes","No","Yes","No",4
1150,30,"Yes","Yes","Yes","No","No","Yes","No","Yes","No","Yes","Yes","No","Yes","Yes","No",5
1450,35,"No","No","Yes","Yes","No","Yes","No","Yes","No","Yes","Yes","Yes","No","Yes","No",2
750,20,"No","No","No","Yes","No","No","Yes","Yes","Yes","No","No","Yes","No","Yes","No",2
100,24,"No","Yes","Yes","No","Yes","No","No","No","Yes","No","No","No","Yes","Yes","Yes",4
1550,28,"No","No","No","No","Yes","No","No","Yes","No","No","No","No","No","Yes","Yes",1
150,40,"Yes","Yes","No","No","No","Yes","No","Yes","No","Yes","No","No","No","Yes","Yes",4
400,14,"No","Yes","Yes","No","No","Yes","Yes","No","No","No","Yes","No","No","Yes","No",4
900,25,"No","Yes","No","Yes","Yes","Yes","Yes","Yes","Yes","No","No","No","Yes","Yes","Yes",3
650,32,"No","Yes","No","No","Yes","Yes","No","No","No","Yes","No","No","Yes","No","Yes",1
250,23,"Yes","Yes","Yes","Yes","No","Yes","No","No","No","Yes","No","No","No","Yes","No",1
850,17,"Yes","No","No","No","Yes","No","No","Yes","No","No","No","Yes","Yes","No","Yes",5
1850,18,"Yes","No","Yes","Yes","No","No","No","No","Yes","Yes","No","No","Yes","No","No",5
1350,39,"Yes","No","Yes","Yes","Yes","Yes","Yes","Yes","No","Yes","No","Yes","Yes","No","No",4
800,14,"Yes","Yes","Yes","Yes","No","No","No","No","Yes","No","No","Yes","Yes","No","No",3
1150,36,"No","No","No","No","No","Yes","No","Yes","No","No","No","Yes","No","Yes","No",4
750,19,"No","No","No","No","Yes","Yes","Yes","No","No","Yes","Yes","No","Yes","No","No",2
200,35,"No","Yes","Yes","Yes","No","No","Yes","Yes","No","Yes","No","Yes","No","Yes","Yes",3
1200,36,"Yes","Yes","Yes","No","Yes","No","No","Yes","Yes","No","Yes","Yes","No","Yes","No",4
1400,25,"No","No","Yes","Yes","Yes","Yes","No","Yes","Yes","Yes","Yes","No","Yes","No","Yes",2
1450,27,"No","No","Yes","Yes","Yes","Yes","Yes","Yes","Yes","Yes","Yes","No","Yes","Yes","Yes",1
1750,32,"No","No","Yes","No","No","Yes","Yes","Yes","No","Yes","No","No","Yes","Yes","No",5
250,26,"Yes","Yes","Yes","No","Yes","No","Yes","Yes","Yes","No","Yes","Yes","No","No","No",1
1800,23,"No","Yes","Yes","No","Yes","No","Yes","Yes","No","No","Yes","No","Yes","Yes","Yes",1
1500,21,"No","Yes","Yes","Yes","Yes","No","No","No","Yes","Yes","Yes","Yes","Yes","No","Yes",1
1300,13,"No","No","Yes","No","No","No","Yes","No","No","No","Yes","No","No","No","No",1
1800,24,"No","Yes","No","Yes","Yes","Yes","Yes","Yes","Yes","Yes","No","Yes","Yes","No","Yes",1
1800,36,"Yes","No","Yes","No","Yes","Yes","No","Yes","No","No","Yes","No","Yes","No","No",2
150,38,"Yes","No","Yes","No","Yes","Yes","Yes","Yes","No","No","Yes","Yes","Yes","Yes","No",2
100,22,"Yes","No","No","Yes","No","Yes","Yes","Yes","No","No","Yes","No","Yes","Yes","Yes",1
150,14,"Yes","Yes","No","No","Yes","No","No","No","Yes","Yes","No","No","No","Yes","No",1
100,31,"No","No","Yes","Yes","Yes","No","Yes","No","Yes","No","Yes","No","Yes","Yes","No",5
1250,40,"Yes","No","Yes","Yes","Yes","No","No","Yes","Yes","Yes","No","No","Yes","Yes","No",1
250,38,"No","No","No","No","Yes","Yes","Yes","No","Yes","Yes","Yes","No","Yes","Yes","No",3
1450,20,"Yes","No","Yes","No","No","Yes","Yes","No","No","Yes","Yes","No","No","Yes","No",5
1050,22,"No","No","Yes","No","No","Yes","No","Yes","Yes","No","No","Yes","No","Yes","Yes",2
850,24,"Yes","No","Yes","Yes","No","Yes","No","Yes","Yes","No","Yes","Yes","No","Yes","Yes",3
1200,21,"Yes","Yes","Yes","Yes","Yes","No","Yes","Yes","Yes","Yes","No","Yes","No","Yes","No",2
650,25,"No","No","Yes","No","Yes","Yes","Yes","Yes","No","Yes","No","Yes","No","Yes","No",4
450,20,"Yes","No","Yes","No","No","Yes","Yes","Yes","No","Yes","No","No","No","No","No",1
1750,33,"Yes","Yes","No","No","Yes","No","Yes","Yes","Yes","Yes","No","No","No","No","No",3
1500,17,"Yes","Yes","No","No","Yes","No","No","No","Yes","No","No","Yes","Yes","No","Yes",1
1400,24,"No","No","No","No","No","No","No","Yes","No","Yes","Yes","Yes","Yes","Yes","Yes",5
1850,22,"Yes","No","No","No","Yes","Yes","No","No","No","No","Yes","No","Yes","Yes","No",2
700,21,"No","Yes","Yes","Yes","No","Yes","No","No","Yes","No","Yes","No","No","Yes","No",1
1200,21,"Yes","No","Yes","No","Yes","Yes","Yes","No","No","No","Yes","No","Yes","Yes","Yes",1
300,16,"No","No","Yes","Yes","Yes","No","No","No","Yes","No","Yes","Yes","Yes","Yes","No",2
300,36,"Yes","No","Yes","Yes","Yes","Yes","No","No","Yes","No","No","No","Yes","Yes","Yes",1
100,33,"No","No","Yes","No","Yes","No","No","No","Yes","No","Yes","Yes","No","No","No",5
1600,17,"No","No","No","No","No","Yes","Yes","Yes","Yes","Yes","No","No","Yes","Yes","No",4
50,22,"No","No","Yes","Yes","No","No","Yes","Yes","No","No","Yes","Yes","No","Yes","No",5
1300,31,"No","Yes","No","Yes","No","No","Yes","Yes","Yes","No","No","No","Yes","No","No",3
550,26,"Yes","Yes","No","Yes","No","No","Yes","No","No","Yes","Yes","No","Yes","No","No",2
1650,33,"Yes","Yes","Yes","Yes","Yes","Yes","Yes","No","Yes","No","Yes","Yes","Yes","No","No",5
1200,32,"No","Yes","No","Yes","Yes","No","Yes","Yes","Yes","No","No","No","No","No","No",3
1600,19,"No","No","No","Yes","Yes","No","Yes","No","Yes","No","Yes","Yes","No","Yes","Yes",1
1500,30,"Yes","Yes","No","No","No","No","No","No","Yes","No","Yes","No","No","No","Yes",1
800,29,"Yes","No","No","Yes","Yes","No","No","No","No","No","Yes","No","No","Yes","No",3
500,30,"No","No","Yes","No","Yes","No","Yes","No","No","No","Yes","Yes","Yes","Yes","Yes",5
700,16,"No","No","No","No","No","Yes","Yes","No","Yes","Yes","No","Yes","No","Yes","Yes",4
900,33,"Yes","No","No","No","No","No","No","No","No","Yes","No","No","Yes","Yes","No",3
400,26,"No","Yes","Yes","No","Yes","Yes","No","Yes","No","No","No","Yes","No","Yes","Yes",4
950,36,"No","No","No","Yes","Yes","No","No","Yes","No","No","Yes","Yes","Yes","No","Yes",3
1150,22,"No","No","No","Yes","Yes","Yes","Yes","Yes","No","Yes","No","No","No","Yes","No",2
1850,29,"No","Yes","Yes","Yes","Yes","Yes","No","Yes","Yes","No","No","No","No","No","Yes",5
850,16,"No","No","No","Yes","No","No","No","No","Yes","Yes","Yes","No","No","No","No",5
1150,20,"Yes","Yes","No","No","Yes","Yes","Yes","No","Yes","No","Yes","Yes","No","No","No",2
900,38,"Yes","No","Yes","No","No","Yes","Yes","No","Yes","Yes","No","No","Yes","Yes","Yes",5
1350,19,"No","No","No","Yes","No","Yes","No","No","Yes","No","Yes","No","No","No","No",2
1650,20,"Yes","No","No","Yes","Yes","No","No","Yes","No","Yes","No","Yes","No","No","No",5
1100,12,"No","No","No","No","Yes","Yes","Yes","No","Yes","Yes","No","No","No","Yes","Yes",4
1500,20,"No","No","Yes","No","No","No","No","Yes","No","Yes","Yes","No","Yes","Yes","Yes",5
650,36,"Yes","Yes","Yes","No","Yes","No","No","No","No","No","No","Yes","No","No","No",5
400,20,"No","No","No","No","No","No","No","Yes","No","Yes","Yes","Yes","No","No","Yes",2
1200,17,"Yes","Yes","Yes","Yes","Yes","Yes","Yes","Yes","Yes","No","Yes","No","No","Yes","Yes",4
1650,29,"Yes","No","Yes","No","Yes","Yes","No","No","Yes","No","No","Yes","No","No","Yes",3
650,19,"Yes","No","No","Yes","No","Yes","No","Yes","No","Yes","No","No","No","No","No",1
1600,34,"Yes","Yes","No","Yes","Yes","No","No","No","No","Yes","Yes","Yes","No","No","No",1
1050,37,"No","No","No","Yes","Yes","No","Yes","No","Yes","Yes","Yes","Yes","No","No","Yes",4
1850,34,"Yes","Yes","Yes","Yes","No","Yes","No","No","Yes","Yes","No","No","Yes","Yes","No",5
1250,31,"No","No","Yes","Yes","No","Yes","No","No","Yes","Yes","No","No","Yes","No","No",2
1900,32,"Yes","Yes","No","Yes","Yes","Yes","Yes","Yes","No","Yes","No","No","Yes","Yes","No",3
1400,34,"No","Yes","No","No","No","Yes","No","Yes","Yes","No","No","Yes","Yes","Yes","Yes",4
700,27,"Yes","No","Yes","No","No","No","Yes","Yes","No","Yes","Yes","No","No","Yes","Yes",1
1850,31,"Yes","Yes","Yes","No","Yes","Yes","No","Yes","No","Yes","Yes","Yes","Yes","No","Yes",1
800,27,"No","No","Yes","Yes","Yes","Yes","No","Yes","No","Yes","No","No","Yes","Yes","No",3
50,37,"No","No","No","No","No","No","Yes","No","Yes","No","No","Yes","Yes","No","Yes",4
150,18,"Yes","No","No","No","No","No","Yes","No","No","Yes","No","No","Yes","Yes","Yes",4
500,27,"No","Yes","No","No","No","No","No","Yes","No","No","Yes","No","No","Yes","Yes",1
1700,38,"Yes","No","No","Yes","No","Yes","No","Yes","Yes","No","Yes","Yes","No","Yes","No",2
350,34,"Yes","Yes","Yes","Yes","No","No","Yes","No","No","Yes","Yes","Yes","Yes","Yes","No",1
0,17,"Yes","No","Yes","Yes","Yes","Yes","Yes","Yes","Yes","No","Yes","No","No","No","No",4
150,19,"Yes","No","No","No","No","Yes","No","No","Yes","Yes","No","No","Yes","Yes","No",2
1950,18,"Yes","Yes","No","No","Yes","No","Yes","No","No","No","Yes","Yes","Yes","Yes","No",1
450,18,"No","No","No","Yes","No","Yes","No","No","Yes","Yes","No","Yes","Yes","Yes","Yes",5
1550,38,"Yes","No","No","Yes","No","No","No","No","No","Yes","Yes","Yes","No","No","No",2
400,40,"Yes","Yes","No","Yes","No","No","Yes","Yes","No","No","Yes","No","Yes","Yes","Yes",3
1700,36,"No","No","No","No","No","No","No","Yes","Yes","Yes","No","No","Yes","No","Yes",3
500,34,"Yes","Yes","Yes","Yes","No","No","Yes","No","No","Yes","Yes","No","No","No","Yes",2
550,18,"Yes","Yes","Yes","No","No","Yes","No","No","Yes","No","Yes","No","No","Yes","No",4
1700,14,"Yes","No","Yes","Yes","No","No","Yes","Yes","No","No","No","Yes","No","No","No",4
800,37,"No","Yes","No","Yes","No","Yes","Yes","No","No","Yes","Yes","Yes","Yes","Yes","No",3
1750,23,"No","No","Yes","No","Yes","Yes","Yes","Yes","Yes","Yes","No","Yes","Yes","Yes","No",2
50,35,"No","Yes","No","Yes","Yes","No","Yes","No","Yes","No","Yes","No","Yes","Yes","No",5
1150,38,"No","Yes","No","No","No","No","No","Yes","No","Yes","Yes","No","Yes","Yes","No",2
300,33,"Yes","Yes","No","No","No","Yes","Yes","No","No","No","No","No","No","Yes","No",3
1450,12,"No","Yes","No","Yes","Yes","No","Yes","Yes","Yes","No","No","No","Yes","No","Yes",3
700,18,"No","No","Yes","Yes","No","No","No","Yes","Yes","No","Yes","Yes","Yes","Yes","No",1
500,14,"Yes","Yes","No","No","Yes","Yes","No","Yes","No","Yes","No","Yes","Yes","Yes","No",4
750,20,"No","Yes","No","Yes","No","No","Yes","No","No","No","No","Yes","No","No","Yes",3
1800,28,"No","Yes","No","No","No","No","No","Yes","Yes","No","No","No","No","Yes","No",3
1700,31,"Yes","No","No","No","No","No","Yes","No","Yes","No","Yes","Yes","No","Yes","No",4
150,13,"No","No","Yes","Yes","Yes","Yes","No","No","Yes","No","No","Yes","No","Yes","Yes",1
1300,28,"Yes","No","No","No","No","No","Yes","No","Yes","No","No","Yes","Yes","Yes","No",1
1950,35,"No","No","Yes","No","No","Yes","Yes","Yes","No","No","No","Yes","Yes","No","No",2
550,21,"Yes","Yes","No","Yes","Yes","No","No","Yes","Yes","Yes","Yes","No","No","No","Yes",5
1700,40,"Yes","No","No","Yes","No","Yes","Yes","Yes","No","No","No","Yes","No","No","No",4
200,22,"No","Yes","Yes","No","No","Yes","Yes","Yes","No","No","No","No","Yes","Yes","No",1
350,15,"No","No","No","No","No","No","Yes","Yes","Yes","Yes","Yes","Yes","No","Yes","No",1
150,38,"No","No","Yes","No","No","Yes","No","Yes","Yes","No","No","Yes","Yes","Yes","Yes",1
1750,18,"Yes","Yes","Yes","No","No","Yes","No","Yes","Yes","No","Yes","No","No","Yes","No",2
550,28,"No","No","Yes","No","No","Yes","No","Yes","No","No","Yes","No","Yes","No","Yes",4
1900,13,"No","Yes","Yes","Yes","No","No","Yes","Yes","Yes","Yes","Yes","No","Yes","No","No",2
1400,36,"No","Yes","Yes","No","No","No","Yes","No","No","No","No","Yes","No","No","Yes",3
1950,25,"Yes","Yes","Yes","No","Yes","Yes","No","No","Yes","No","Yes","No","No","Yes","Yes",1
600,28,"No","No","No","No","Yes","No","No","Yes","Yes","No","Yes","Yes","No","Yes","No",1
500,18,"Yes","Yes","Yes","No","No","No","Yes","No","No","Yes","No","Yes","No","No","Yes",1
1900,35,"No","No","No","Yes","No","No","Yes","Yes","No","Yes","No","No","Yes","Yes","Yes",5
1600,38,"No","No","Yes","No","No","Yes","No","No","No","Yes","Yes","Yes","No","Yes","Yes",3
600,20,"Yes","Yes","Yes","No","Yes","No","Yes","Yes","No","No","Yes","Yes","No","Yes","Yes",2
400,24,"No","Yes","Yes","Yes","Yes","No","Yes","No","No","No","No","No","No","Yes","No",3
250,20,"No","No","No","Yes","Yes","Yes","No","Yes","Yes","No","Yes","Yes","No","Yes","No",3
950,17,"Yes","Yes","Yes","Yes","No","Yes","No","Yes","No","Yes","Yes","Yes","No","Yes","Yes",2
1300,14,"Yes","No","Yes","No","No","No","No","Yes","No","Yes","Yes","Yes","No","Yes","Yes",3
550,22,"No","No","No","Yes","Yes","No","Yes","No","No","No","Yes","No","Yes","Yes","No",2
750,16,"No","No","Yes","No","No","Yes","No","Yes","Yes","Yes","No","No","Yes","Yes","No",3
1100,17,"Yes","Yes","Yes","Yes","No","Yes","Yes","Yes","No","No","Yes","Yes","No","No","Yes",3
400,27,"No","Yes","No","No","No","Yes","No","Yes","No","Yes","No","Yes","No","No","Yes",5
800,29,"Yes","No","No","No","No","No","No","No","No","No","Yes","Yes","No","Yes","No",2
600,38,"Yes","Yes","No","Yes","Yes","Yes","No","Yes","Yes","No","Yes","No","Yes","No","No",4
850,24,"Yes","No","No","No","Yes","No","Yes","Yes","No","No","Yes","Yes","No","No","Yes",2
1650,18,"No","Yes","Yes","Yes","Yes","Yes","No","No","Yes","Yes","Yes","Yes","No","No","No",2
450,21,"Yes","Yes","No","No","Yes","Yes","No","Yes","Yes","No","Yes","Yes","Yes","No","Yes",4
1100,19,"Yes","No","Yes","No","Yes","Yes","Yes","No","Yes","No","No","Yes","No","Yes","No",1
1200,13,"Yes","No","Yes","Yes","Yes","No","Yes","No","Yes","Yes","Yes","No","Yes","Yes","No",4
350,25,"No","No","Yes","Yes","No","Yes","No","No","Yes","Yes","No","Yes","Yes","Yes","Yes",2
1900,21,"Yes","No","Yes","No","Yes","No","Yes","No","Yes","No","Yes","Yes","No","Yes","Yes",1
1300,28,"No","Yes","No","No","No","No","Yes","Yes","No","No","No","Yes","Yes","No","Yes",2
200,21,"No","Yes","No","No","No","No","Yes","Yes","No","Yes","Yes","No","No","Yes","Yes",2
200,33,"No","No","No","No","Yes","No","No","No","Yes","No","No","Yes","No","Yes","Yes",1
1500,25,"No","No","No","No","Yes","No","No","Yes","No","Yes","No","Yes","No","Yes","No",3
1700,30,"Yes","Yes","No","Yes","Yes","Yes","No","No","No","No","Yes","Yes","Yes","No","No",1
1250,35,"Yes","No","Yes","Yes","No","No","No","No","No","Yes","Yes","No","Yes","No","No",2
550,22,"No","Yes","Yes","No","Yes","No","Yes","Yes","No","Yes","No","Yes","Yes","No","No",3
550,32,"Yes","No","Yes","No","Yes","No","No","No","No","Yes","Yes","No","No","No","Yes",1
350,37,"Yes","No","No","Yes","No","Yes","Yes","No","Yes","No","Yes","No","Yes","No","Yes",5
1150,15,"Yes","Yes","Yes","No","No","Yes","Yes","No","No","Yes","Yes","No","Yes","Yes","Yes",5
1400,34,"No","No","No","Yes","No","Yes","No","Yes","Yes","No","No","Yes","Yes","No","Yes",2
1900,40,"No","Yes","No","Yes","No","Yes","No","No","No","No","No","Yes","No","Yes","Yes",5
1750,15,"No","Yes","No","No","No","Yes","No","Yes","No","Yes","No","Yes","No","No","No",4
450,34,"No","No","No","Yes","Yes","Yes","Yes","Yes","No","No","Yes","No","Yes","No","Yes",4
700,20,"No","Yes","Yes","Yes","No","Yes","No","No","No","Yes","Yes","Yes","Yes","No","No",2
900,32,"Yes","No","No","Yes","No","Yes","No","Yes","No","No","No","No","No","Yes","No",5
300,22,"No","Yes","No","No","No","No","No","No","Yes","Yes","Yes","Yes","Yes","Yes","No",3
1900,38,"Yes","No","Yes","No","Yes","Yes","Yes","No","Yes","No","Yes","No","No","Yes","No",5
1650,12,"No","Yes","Yes","No","No","No","Yes","Yes","No","Yes","Yes","No","Yes","Yes","No",4
550,25,"No","Yes","Yes","No","Yes","No","Yes","Yes","Yes","No","Yes","No","No","No","Yes",1
1950,20,"Yes","Yes","No","Yes","No","No","Yes","Yes","No","No","Yes","No","Yes","No","Yes",3
850,18,"Yes","No","Yes","Yes","Yes","No","No","No","No","Yes","No","No","No","No","No",1
450,33,"No","Yes","No","No","Yes","No","No","Yes","No","Yes","No","Yes","Yes","Yes","No",5
700,37,"Yes","Yes","No","No","No","Yes","Yes","No","Yes","No","No","Yes","No","Yes","Yes",4
1300,16,"No","No","Yes","Yes","Yes","Yes","Yes","No","No","No","No","No","Yes","Yes","No",4
1200,26,"No","No","No","No","No","Yes","No","No","Yes","No","No","No","Yes","No","No",4
1000,30,"No","No","No","Yes","No","No","Yes","Yes","Yes","No","Yes","Yes","No","Yes","Yes",3
100,36,"Yes","Yes","No","No","No","Yes","No","No","Yes","Yes","No","No","No","Yes","No",2
850,34,"No","No","Yes","Yes","No","No","No","No","No","No","No","No","Yes","No","Yes",3
600,39,"Yes","Yes","Yes","No","No","No","Yes","Yes","Yes","No","Yes","No","No","Yes","No",3
1400,17,"No","No","No","Yes","No","Yes","Yes","Yes","Yes","Yes","No","No","Yes","Yes","No",4
1450,33,"Yes","Yes","No","Yes","Yes","Yes","Yes","No","No","No","Yes","No","No","No","Yes",4
1950,40,"Yes","No","Yes","Yes","No","No","No","No","Yes","No","No","No","Yes","Yes","Yes",5
1750,32,"Yes","No","No","Yes","Yes","No","No","No","No","No","Yes","Yes","No","Yes","No",2
1450,37,"No","Yes","No","Yes","Yes","No","No","No","No","Yes","Yes","No","Yes","Yes","No",1
900,36,"Yes","Yes","No","Yes","Yes","Yes","No","Yes","Yes","No","Yes","No","Yes","Yes","Yes",1
1100,15,"No","Yes","Yes","No","No","Yes","Yes","No","No","No","No","Yes","No","No","No",5
1700,22,"No","No","No","No","Yes","Yes","Yes","Yes","Yes","No","No","No","No","No","No",4
1800,26,"No","Yes","No","Yes","Yes","No","Yes","No","Yes","Yes","Yes","Yes","Yes","Yes","No",5
1200,38,"Yes","No","No","Yes","No","No","No","No","No","Yes","Yes","No","No","No","No",3
1750,18,"Yes","No","Yes","No","No","No","Yes","Yes","No","Yes","No","Yes","Yes","No","Yes",4
0,15,"No","No","Yes","Yes","Yes","No","Yes","No","Yes","Yes","Yes","Yes","Yes","No","Yes",4
1300,20,"Yes","No","No","No","Yes","Yes","Yes","Yes","Yes","No","No","Yes","Yes","Yes","Yes",2
650,30,"Yes","No","No","No","Yes","Yes","Yes","No","No","No","No","No","Yes","Yes","No",5
1750,23,"No","Yes","No","No","No","No","Yes","No","No","Yes","No","Yes","Yes","No","Yes",3
900,16,"Yes","No","No","Yes","Yes","No","Yes","Yes","Yes","No","No","No","Yes","Yes","No",4
1950,37,"Yes","No","Yes","Yes","Yes","No","No","No","Yes","No","Yes","Yes","No","No","Yes",4
750,33,"Yes","Yes","Yes","No","Yes","No","Yes","Yes","No","No","Yes","Yes","No","No","Yes",1
800,30,"Yes","No","Yes","Yes","No","No","Yes","Yes","No","Yes","No","No","No","No","No",4
550,27,"No","Yes","No","No","No","Yes","Yes","No","No","No","Yes","Yes","No","No","No",1
850,27,"No","Yes","Yes","No","Yes","No","Yes","No","Yes","No","No","Yes","Yes","Yes","No",5
1350,33,"No","No","Yes","No","Yes","No","No","Yes","No","Yes","No","Yes","Yes","Yes","Yes",3
50,39,"Yes","Yes","Yes","Yes","Yes","Yes","No","Yes","No","No","Yes","No","Yes","No","Yes",1
1900,25,"Yes","No","Yes","No","No","Yes","Yes","Yes","Yes","Yes","No","No","No","Yes","No",5
50,30,"Yes","Yes","Yes","Yes","No","Yes","Yes","Yes","Yes","No","Yes","No","Yes","Yes","Yes",3
1500,34,"Yes","Yes","Yes","No","No","No","No","Yes","Yes","No","No","No","No","No","No",5
900,20,"No","No","Yes","Yes","No","Yes","No","Yes","No","Yes","Yes","Yes","Yes","Yes","No",2
1800,14,"No","No","Yes","Yes","No","No","No","No","No","No","Yes","Yes","No","Yes","No",2
1500,21,"No","Yes","No","No","No","Yes","No","Yes","No","No","Yes","Yes","Yes","No","Yes",2
1150,24,"No","No","Yes","Yes","No","No","No","Yes","No","Yes","Yes","Yes","Yes","No","Yes",5
950,35,"No","No","Yes","No","No","No","Yes","No","No","No","Yes","Yes","No","Yes","No",1
350,38,"Yes","No","Yes","No","Yes","No","No","No","No","Yes","No","No","No","Yes","Yes",4
1750,28,"No","Yes","No","No","Yes","No","No","No","No","Yes","No","Yes","No","Yes","No",5
1750,26,"No","No","No","Yes","Yes","Yes","Yes","No","No","Yes","Yes","No","Yes","No","Yes",5
1850,31,"Yes","No","No","Yes","No","No","Yes","No","Yes","Yes","No","Yes","No","No","Yes",2
850,27,"Yes","No","Yes","Yes","Yes","Yes","Yes","No","Yes","Yes","No","No","No","Yes","No",3
250,26,"No","No","Yes","No","No","Yes","No","Yes","Yes","No","No","Yes","No","No","No",5
1050,21,"Yes","Yes","Yes","Yes","Yes","No","No","No","No","No","Yes","No","Yes","No","No",2
1650,13,"Yes","No","Yes","No","No","Yes","No","Yes","Yes","Yes","Yes","No","Yes","No","No",2
550,26,"No","No","No","Yes","No","No","Yes","No","No","No","No","Yes","No","No","Yes",4
1050,24,"Yes","No","No","Yes","Yes","No","Yes","No","Yes","Yes","Yes","Yes","Yes","No","Yes",2
900,19,"Yes","Yes","No","No","Yes","No","Yes","Yes","No","No","Yes","No","Yes","Yes","No",5
1550,39,"Yes","No","Yes","Yes","No","No","Yes","Yes","No","No","Yes","Yes","Yes","Yes","Yes",3
850,17,"No","No","Yes","Yes","Yes","No","No","Yes","Yes","No","No","No","Yes","No","No",2
300,22,"No","Yes","No","Yes","Yes","No","Yes","Yes","No","No","Yes","No","Yes","No","No",1
1050,22,"No","Yes","No","Yes","No","Yes","No","Yes","No","No","No","Yes","No","No","No",2
500,30,"No","Yes","No","No","Yes","No","Yes","Yes","No","Yes","No","No","No","No","Yes",1
800,34,"Yes","No","Yes","Yes","Yes","Yes","Yes","Yes","No","No","Yes","Yes","Yes","No","Yes",1
600,16,"Yes","No","Yes","No","Yes","Yes","No","Yes","Yes","Yes","No","Yes","Yes","Yes","No",1
1600,12,"Yes","No","No","Yes","Yes","No","No","No","No","Yes","Yes","Yes","Yes","Yes","No",4
900,17,"No","Yes","Yes","Yes","Yes","No","No","Yes","No","Yes","Yes","No","No","No","Yes",2
1750,21,"No","Yes","Yes","No","Yes","Yes","Yes","Yes","No","Yes","Yes","No","Yes","Yes","Yes",5
750,22,"No","No","No","Yes","No","Yes","Yes","No","No","No","Yes","Yes","Yes","Yes","No",4
350,36,"No","No","Yes","Yes","Yes","Yes","Yes","No","Yes","No","No","No","Yes","No","Yes",3
350,17,"Yes","Yes","No","No","No","Yes","Yes","No","Yes","Yes","No","Yes","Yes","No","No",1
150,29,"No","No","Yes","Yes","No","No","Yes","Yes","Yes","No","Yes","No","Yes","No","Yes",2
1650,27,"Yes","Yes","Yes","Yes","Yes","No","Yes","No","No","No","Yes","Yes","Yes","Yes","No",4
1950,12,"No","No","Yes","No","Yes","No","Yes","Yes","Yes","No","Yes","No","Yes","No","Yes",2
50,23,"No","No","Yes","No","Yes","No","No","Yes","Yes","Yes","No","Yes","No","Yes","No",4
1700,25,"Yes","Yes","Yes","Yes","No","No","No","No","No","Yes","Yes","No","No","Yes","No",1
450,29,"Yes","Yes","Yes","No","No","No","Yes","Yes","No","Yes","No","Yes","No","Yes","No",1
1300,15,"Yes","Yes","Yes","No","No","Yes","Yes","No","Yes","No","No","Yes","No","Yes","No",3
750,36,"Yes","No","No","No","No","No","Yes","Yes","Yes","No","Yes","No","Yes","No","No",5
250,28,"No","Yes","Yes","Yes","No","No","No","No","No","Yes","No","Yes","Yes","No","Yes",4
900,31,"No","No","No","No","No","No","Yes","Yes","Yes","Yes","No","No","Yes","No","Yes",1
100,20,"No","No","Yes","No","No","No","Yes","Yes","No","No","No","No","No","No","No",3
1100,39,"Yes","Yes","No","No","No","No","Yes","Yes","Yes","No","No","Yes","Yes","No","No",1
1150,12,"Yes","No","Yes","No","No","No","No","No","No","Yes","Yes","Yes","No","Yes","No",4
1950,34,"Yes","Yes","No","Yes","Yes","Yes","No","Yes","Yes","No","Yes","No","Yes","No","No",3
1950,25,"Yes","Yes","No","Yes","Yes","Yes","No","Yes","No","No","Yes","No","No","No","No",4
1600,16,"No","No","No","No","No","Yes","Yes","Yes","Yes","No","No","No","No","No","Yes",2
1750,19,"Yes","Yes","No","No","No","No","No","Yes","No","No","No","No","No","No","Yes",4
1500,31,"Yes","Yes","No","Yes","Yes","No","No","Yes","Yes","Yes","No","No","No","Yes","No",1
1750,15,"Yes","Yes","No","Yes","Yes","Yes","Yes","No","Yes","Yes","Yes","No","No","Yes","No",5
800,24,"Yes","Yes","Yes","No","Yes","No","No","Yes","No","No","No","Yes","Yes","Yes","Yes",2
1000,28,"No","No","Yes","Yes","No","Yes","Yes","Yes","No","Yes","Yes","Yes","Yes","No","No",3
850,30,"Yes","Yes","Yes","No","Yes","Yes","No","Yes","No","Yes","No","No","Yes","No","No",1
800,39,"Yes","No","No","No","No","No","Yes","No","No","Yes","No","Yes","No","Yes","Yes",2
2000,26,"No","No","Yes","Yes","No","No","Yes","No","No","No","Yes","No","No","No","Yes",3
1550,38,"Yes","Yes","Yes","No","No","Yes","Yes","No","Yes","Yes","No","No","No","No","No",1
750,19,"Yes","Yes","Yes","No","No","No","Yes","No","No","No","No","No","Yes","Yes","No",3
550,30,"Yes","No","Yes","No","No","No","Yes","Yes","No","Yes","No","Yes","No","Yes","Yes",5
650,32,"Yes","No","Yes","Yes","Yes","No","Yes","No","Yes","Yes","Yes","Yes","No","No","Yes",4
1300,30,"Yes","Yes","No","No","No","No","No","No","No","Yes","Yes","Yes","No","No","Yes",5
1700,12,"No","No","Yes","Yes","Yes","Yes","No","No","No","Yes","No","No","No","No","Yes",1
1000,34,"Yes","No","No","Yes","No","No","Yes","No","No","Yes","No","Yes","Yes","Yes","No",5
1550,38,"Yes","Yes","No","No","Yes","Yes","Yes","Yes","Yes","No","Yes","Yes","No","No","Yes",1
1650,30,"No","Yes","No","No","No","No","No","Yes","No","Yes","Yes","Yes","Yes","No","Yes",4
1050,31,"Yes","No","No","Yes","No","No","Yes","No","No","No","No","No","Yes","No","Yes",2
200,22,"Yes","No","Yes","No","Yes","Yes","No","No","No","Yes","Yes","Yes","Yes","No","No",4
950,12,"No","Yes","No","Yes","No","No","Yes","Yes","Yes","No","No","No","Yes","Yes","No",5
1900,14,"No","No","Yes","Yes","Yes","No","Yes","No","No","Yes","Yes","No","No","Yes","Yes",1
900,18,"Yes","Yes","No","Yes","No","No","No","No","Yes","Yes","Yes","Yes","No","No","Yes",5
450,39,"No","No","No","No","Yes","No","No","No","No","Yes","No","No","No","Yes","No",1
200,12,"No","No","No","Yes","No","Yes","Yes","Yes","No","Yes","No","Yes","No","Yes","No",1
550,27,"Yes","No","No","Yes","Yes","No","Yes","Yes","No","Yes","Yes","Yes","Yes","No","Yes",1
700,19,"No","No","No","Yes","No","No","Yes","No","Yes","No","No","No","Yes","Yes","No",1
1800,33,"No","Yes","Yes","No","Yes","No","Yes","Yes","Yes","Yes","No","No","Yes","No","Yes",5
1700,38,"No","No","Yes","Yes","Yes","Yes","Yes","No","No","Yes","No","Yes","No","No","No",3
950,38,"Yes","Yes","No","Yes","No","No","Yes","No","No","Yes","Yes","Yes","No","Yes","Yes",5
700,40,"Yes","No","No","No","Yes","No","Yes","No","Yes","Yes","Yes","No","No","Yes","Yes",5
50,39,"Yes","Yes","Yes","Yes","No","Yes","Yes","No","Yes","Yes","Yes","No","Yes","Yes","No",1
700,36,"Yes","Yes","No","Yes","No","No","No","Yes","Yes","Yes","No","Yes","Yes","Yes","No",5
1900,18,"Yes","Yes","No","No","No","No","Yes","No","Yes","Yes","No","Yes","Yes","No","No",3
800,12,"Yes","No","Yes","Yes","Yes","No","Yes","Yes","No","No","Yes","Yes","No","No","No",3
200,31,"Yes","No","No","Yes","No","No","Yes","Yes","No","Yes","No","Yes","No","No","No",3
550,36,"No","No","Yes","Yes","Yes","No","No","No","Yes","Yes","Yes","No","Yes","No","No",3
1750,37,"Yes","Yes","No","Yes","Yes","Yes","Yes","Yes","No","Yes","No","No","Yes","Yes","No",2
1250,20,"Yes","Yes","No","No","No","Yes","Yes","No","No","Yes","No","No","Yes","Yes","Yes",3
650,23,"No","No","No","Yes","Yes","No","No","No","No","No","No","Yes","No","No","No",2
750,28,"No","No","No","No","Yes","No","Yes","Yes","No","No","No","Yes","No","No","No",2
1150,14,"Yes","No","Yes","Yes","No","Yes","No","Yes","Yes","No","No","No","Yes","Yes","Yes",2
850,21,"No","Yes","Yes","Yes","No","No","No","No","Yes","No","Yes","Yes","Yes","No","Yes",4
1650,38,"No","No","Yes","No","Yes","No","Yes","Yes","Yes","No","No","No","No","No","No",4
350,24,"Yes","Yes","No","No","No","No","Yes","Yes","No","No","No","No","Yes","No","No",2
650,40,"Yes","No","Yes","No","No","No","Yes","No","No","Yes","Yes","No","Yes","Yes","Yes",3
600,14,"Yes","Yes","No","Yes","Yes","No","No","Yes","No","Yes","No","No","Yes","No","Yes",2
1550,14,"No","Yes","No","No","Yes","Yes","No","Yes","Yes","No","Yes","Yes","Yes","Yes","No",3
650,34,"Yes","No","Yes","No","Yes","Yes","Yes","Yes","No","No","Yes","No","Yes","Yes","Yes",1
1950,28,"No","No","Yes","No","No","Yes","No","No","No","No","No","No","Yes","Yes","No",2
600,25,"Yes","Yes","No","Yes","Yes","Yes","No","Yes","No","Yes","Yes","Yes","Yes","Yes","Yes",2
750,23,"No","No","No","Yes","Yes","No","Yes","No","Yes","Yes","No","No","No","No","No",2
800,26,"Yes","Yes","No","Yes","No","No","No","No","No","Yes","Yes","Yes","No","No","No",3
50,32,"Yes","Yes","Yes","No","No","Yes","No","Yes","No","No","No","Yes","No","Yes","No",5
2000,34,"Yes","Yes","Yes","No","Yes","Yes","No","No","No","No","Yes","No","Yes","Yes","Yes",2
1850,29,"Yes","Yes","No","No","Yes","No","Yes","No","Yes","Yes","No","Yes","No","No","No",4
1550,26,"Yes","No","No","Yes","No","Yes","Yes","Yes","Yes","Yes","No","Yes","No","No","No",2
450,36,"No","No","Yes","No","No","Yes","No","Yes","Yes","Yes","Yes","Yes","Yes","No","No",1
250,38,"Yes","No","No","No","No","Yes","Yes","No","No","No","Yes","Yes","No","Yes","Yes",2
700,27,"Yes","Yes","No","Yes","Yes","No","No","Yes","No","Yes","Yes","Yes","No","Yes","Yes",3
1550,20,"No","No","Yes","Yes","No","No","No","Yes","No","Yes","Yes","No","Yes","No","No",1
1550,30,"No","No","No","No","Yes","Yes","No","Yes","No","No","No","Yes","Yes","Yes","Yes",4
1400,40,"No","Yes","No","No","No","No","Yes","Yes","No","Yes","No","No","No","No","Yes",4
250,28,"No","Yes","Yes","Yes","No","No","No","No","No","Yes","Yes","Yes","Yes","Yes","Yes",4
1350,19,"No","No","No","Yes","No","No","Yes","No","Yes","No","No","Yes","No","Yes","No",3
1000,38,"No","Yes","Yes","No","Yes","No","Yes","Yes","No","Yes","Yes","No","Yes","Yes","No",3
1950,38,"No","No","Yes","Yes","Yes","No","Yes","No","No","Yes","No","No","Yes","No","No",4
1450,18,"Yes","Yes","No","No","Yes","No","Yes","No","Yes","No","No","No","No","Yes","Yes",5
150,25,"Yes","Yes","Yes","Yes","Yes","No","Yes","No","No","No","No","Yes","Yes","Yes","Yes",1
1450,38,"No","No","No","No","Yes","No","Yes","Yes","Yes","No","Yes","No","Yes","Yes","No",4
150,29,"No","Yes","Yes","Yes","Yes","Yes","No","Yes","No","Yes","Yes","Yes","Yes","No","Yes",5
50,36,"No","Yes","Yes","Yes","No","Yes","Yes","Yes","No","Yes","Yes","Yes","No","No","Yes",3
1150,35,"Yes","No","No","No","No","Yes","Yes","No","No","No","No","Yes","Yes","No","Yes",4
600,19,"No","No","Yes","Yes","No","Yes","Yes","No","No","No","Yes","Yes","No","No","No",5
1750,32,"No","No","Yes","No","No","Yes","Yes","No","No","No","Yes","Yes","No","No","Yes",4
1050,13,"No","Yes","Yes","No","Yes","Yes","Yes","Yes","No","Yes","No","Yes","Yes","No","No",2
550,32,"No","Yes","Yes","No","No","No","Yes","No","Yes","No","Yes","Yes","Yes","Yes","No",2
1200,14,"No","No","Yes","Yes","No","Yes","No","No","Yes","Yes","Yes","No","No","No","No",1
1300,17,"Yes","Yes","No","Yes","Yes","Yes","No","No","Yes","Yes","No","Yes","No","Yes","Yes",4
1850,31,"Yes","Yes","No","No","No","No","No","Yes","Yes","No","Yes","Yes","No","No","Yes",2
1250,15,"Yes","No","Yes","Yes","No","No","No","No","Yes","No","Yes","No","No","Yes","No",3
1500,40,"Yes","No","No","Yes","Yes","No","No","No","No","No","No","Yes","No","Yes","Yes",5
1650,34,"No","No","No","No","No","No","No","No","No","No","Yes","Yes","Yes","Yes","No",1
200,33,"No","No","Yes","Yes","Yes","Yes","Yes","Yes","No","Yes","Yes","No","No","Yes","No",5
1000,27,"No","Yes","Yes","No","Yes","Yes","Yes","Yes","No","No","No","No","No","No","No",2
1450,16,"Yes","Yes","No","No","Yes","Yes","No","No","Yes","No","No","Yes","No","Yes","No",1
1450,12,"Yes","Yes","No","Yes","Yes","Yes","Yes","Yes","Yes","No","No","Yes","Yes","No","Yes",1
1900,23,"Yes","Yes","Yes","No","Yes","No","No","Yes","No","Yes","No","No","Yes","No","No",3
550,23,"No","Yes","Yes","Yes","No","No","No","Yes","No","No","No","Yes","No","Yes","Yes",4
400,25,"Yes","No","No","No","No","Yes","No","Yes","Yes","Yes","Yes","Yes","Yes","Yes","Yes",2
1550,28,"No","No","No","Yes","No","No","No","Yes","No","Yes","No","Yes","No","No","Yes",2
650,23,"No","No","No","Yes","Yes","No","No","No","Yes","No","No","Yes","Yes","Yes","Yes",4
1400,35,"No","No","No","No","Yes","No","No","Yes","Yes","No","Yes","No","Yes","No","No",4
650,18,"Yes","Yes","No","Yes","No","Yes","No","Yes","Yes","No","No","No","Yes","No","Yes",5
1800,30,"Yes","Yes","No","No","Yes","No","No","No","Yes","Yes","Yes","Yes","No","Yes","No",4
1000,30,"No","Yes","Yes","Yes","No","No","Yes","Yes","No","Yes","No","No","Yes","No","Yes",2
1900,21,"Yes","Yes","Yes","Yes","No","Yes","No","No","No","No","No","Yes","No","No","No",3
1850,34,"Yes","No","No","Yes","No","No","Yes","No","Yes","Yes","No","No","No","No","Yes",1
200,12,"Yes","No","No","No","No","No","Yes","Yes","No","Yes","No","No","No","Yes","No",2
1500,20,"No","No","Yes","Yes","No","No","Yes","No","Yes","No","No","No","No","Yes","Yes",1
1950,33,"Yes","Yes","No","Yes","No","No","Yes","No","Yes","No","No","Yes","Yes","Yes","No",1
1250,36,"Yes","Yes","Yes","No","Yes","No","No","No","No","Yes","Yes","Yes","Yes","Yes","Yes",1
650,23,"Yes","Yes","No","Yes","No","Yes","No","Yes","Yes","No","Yes","No","No","Yes","Yes",2
450,26,"Yes","Yes","Yes","No","Yes","No","Yes","No","Yes","No","No","No","No","Yes","Yes",5
1400,13,"No","Yes","No","Yes","Yes","Yes","No","Yes","No","No","Yes","No","No","Yes","Yes",1
650,36,"Yes","Yes","Yes","No","Yes","No","No","Yes","No","Yes","No","Yes","No","No","Yes",2
1150,32,"Yes","No","Yes","Yes","Yes","Yes","Yes","No","Yes","Yes","No","No","No","No","Yes",2
1850,39,"Yes","Yes","Yes","Yes","No","No","No","No","No","No","Yes","Yes","Yes","Yes","No",1
50,40,"Yes","Yes","Yes","Yes","Yes","No","No","Yes","Yes","No","Yes","No","No","Yes","No",2
1200,20,"Yes","No","No","No","Yes","No","Yes","No","No","No","No","Yes","Yes","No","No",3
400,18,"No","No","Yes","Yes","No","Yes","Yes","No","No","Yes","No","No","Yes","No","No",4
1750,22,"Yes","Yes","No","No","No","No","No","Yes","No","Yes","Yes","No","No","No","No",2
100,28,"No","Yes","Yes","Yes","Yes","No","No","Yes","Yes","No","Yes","No","Yes","Yes","Yes",3
1200,29,"No","Yes","No","No","No","Yes","Yes","Yes","Yes","No","Yes","Yes","Yes","Yes","Yes",3
700,40,"Yes","No","Yes","No","Yes","Yes","Yes","Yes","No","Yes","Yes","Yes","No","Yes","Yes",3
1950,24,"Yes","No","No","Yes","Yes","No","No","No","Yes","Yes","Yes","No","Yes","No","Yes",4
1350,38,"Yes","No","No","Yes","Yes","Yes","No","No","Yes","No","Yes","Yes","No","Yes","No",2
0,16,"No","Yes","Yes","Yes","No","No","No","No","No","No","Yes","Yes","No","No","No",5
400,20,"No","No","Yes","Yes","No","No","No","Yes","No","Yes","No","Yes","Yes","No","Yes",4
700,17,"Yes","No","No","Yes","No","No","No","No","Yes","No","Yes","No","Yes","No","No",1
550,18,"Yes","No","No","No","No","Yes","No","Yes","No","No","No","Yes","No","Yes","No",1
1900,18,"No","No","Yes","No","Yes","No","Yes","No","No","Yes","No","No","Yes","Yes","No",5
400,39,"No","Yes","Yes","Yes","Yes","No","No","Yes","Yes","No","No","No","Yes","No","Yes",1
800,30,"Yes","Yes","No","Yes","No","Yes","No","Yes","No","Yes","No","No","Yes","No","No",3
1950,37,"No","No","No","No","Yes","No","No","Yes","Yes","No","Yes","No","No","No","No",3
1250,39,"No","Yes","No","Yes","No","Yes","No","Yes","No","Yes","Yes","Yes","Yes","No","No",3
650,17,"No","No","Yes","No","No","Yes","Yes","Yes","No","No","No","Yes","No","No","Yes",4
1050,37,"No","No","No","Yes","No","No","Yes","Yes","No","No","No","Yes","Yes","No","Yes",4
1850,13,"No","No","No","No","Yes","Yes","No","No","No","Yes","No","Yes","No","Yes","No",5
1850,12,"No","No","No","No","No","No","No","Yes","Yes","No","No","No","Yes","No","No",2
1950,22,"No","No","No","Yes","No","No","Yes","Yes","No","No","Yes","Yes","Yes","Yes","No",1
1050,16,"Yes","Yes","Yes","No","No","No","Yes","No","No","Yes","No","Yes","Yes","No","No",3
1050,40,"No","Yes","Yes","No","Yes","Yes","Yes","Yes","No","Yes","No","No","No","No","Yes",3
1950,15,"Yes","No","Yes","No","Yes","No","Yes","Yes","No","Yes","Yes","No","No","No","No",3
1400,12,"Yes","No","Yes","Yes","No","Yes","Yes","Yes","Yes","No","No","No","Yes","No","Yes",2
1550,17,"No","Yes","Yes","Yes","Yes","Yes","Yes","No","No","No","No","No","Yes","No","No",2
1150,22,"Yes","No","Yes","No","Yes","No","Yes","Yes","No","No","No","No","Yes","Yes","No",3
850,36,"Yes","No","Yes","Yes","Yes","No","Yes","No","Yes","No","No","Yes","Yes","No","Yes",3
500,35,"Yes","Yes","No","No","No","Yes","No","Yes","Yes","No","No","No","No","No","No",5
1750,13,"Yes","No","No","No","No","No","No","Yes","Yes","Yes","No","No","No","Yes","Yes",1
300,31,"No","Yes","No","Yes","Yes","No","Yes","Yes","Yes","Yes","Yes","No","Yes","Yes","Yes",3
1600,33,"No","No","Yes","Yes","Yes","No","No","Yes","No","No","No","No","Yes","Yes","Yes",1
50,28,"No","Yes","No","No","Yes","Yes","Yes","No","No","No","Yes","Yes","No","Yes","No",3
1400,20,"Yes","Yes","No","Yes","No","Yes","Yes","Yes","No","Yes","No","No","Yes","No","No",3
0,37,"Yes","No","No","No","Yes","No","Yes","Yes","Yes","Yes","No","Yes","Yes","No","No",1
1100,33,"Yes","Yes","Yes","Yes","No","No","No","Yes","No","Yes","No","No","No","No","No",1
1550,18,"No","Yes","Yes","No","No","No","Yes","No","Yes","No","Yes","Yes","Yes","Yes","Yes",5
1950,22,"No","Yes","No","No","Yes","Yes","No","Yes","Yes","Yes","No","No","Yes","No","Yes",1
800,28,"No","Yes","Yes","Yes","No","Yes","No","Yes","No","Yes","No","No","Yes","No","Yes",2
1950,16,"Yes","Yes","Yes","Yes","No","No","Yes","No","No","Yes","No","No","Yes","No","No",2
1350,21,"Yes","No","Yes","No","No","Yes","No","No","No","Yes","No","Yes","Yes","No","No",5
550,13,"Yes","No","No","No","Yes","No","Yes","No","Yes","No","No","Yes","Yes","No","Yes",1
1900,29,"No","No","Yes","Yes","Yes","No","Yes","Yes","No","No","Yes","Yes","No","Yes","No",1
1350,30,"Yes","No","No","No","Yes","No","No","Yes","Yes","Yes","Yes","Yes","No","Yes","Yes",3
1950,13,"Yes","No","No","No","Yes","No","Yes","No","No","Yes","No","No","No","Yes","Yes",4
1850,38,"No","Yes","No","Yes","Yes","No","Yes","No","No","Yes","No","Yes","No","Yes","Yes",5
1800,35,"Yes","No","Yes","No","Yes","Yes","No","No","Yes","Yes","No","No","No","No","Yes",3
1950,13,"Yes","Yes","Yes","No","No","No","Yes","No","No","No","No","Yes","Yes","Yes","No",1
950,22,"No","No","Yes","No","Yes","Yes","No","Yes","Yes","No","No","Yes","No","No","Yes",2
1000,34,"Yes","Yes","No","No","No","No","No","Yes","No","Yes","Yes","Yes","Yes","Yes","No",1
150,22,"Yes","No","Yes","Yes","Yes","Yes","Yes","Yes","Yes","No","Yes","No","No","Yes","Yes",5
50,32,"Yes","No","No","Yes","Yes","Yes","Yes","No","Yes","Yes","No","No","No","Yes","No",5
1000,37,"Yes","Yes","No","Yes","Yes","No","No","No","Yes","Yes","Yes","Yes","Yes","No","Yes",2
1900,26,"No","No","No","No","No","Yes","No","Yes","No","No","Yes","Yes","No","Yes","No",3
1850,40,"Yes","Yes","No","Yes","No","Yes","No","No","Yes","No","No","No","No","No","Yes",3
350,12,"Yes","No","No","No","Yes","Yes","No","Yes","No","Yes","No","No","No","No","Yes",4
1350,39,"No","No","No","Yes","Yes","No","Yes","Yes","Yes","Yes","Yes","No","No","No","No",2
100,22,"No","Yes","No","No","No","Yes","Yes","Yes","No","Yes","No","No","No","Yes","Yes",3
1950,20,"No","No","No","Yes","Yes","Yes","No","No","Yes","No","No","No","Yes","Yes","No",3
1100,19,"No","No","Yes","Yes","Yes","No","Yes","Yes","Yes","Yes","Yes","No","No","Yes","No",2
700,30,"Yes","Yes","No","Yes","No","No","Yes","No","Yes","Yes","No","Yes","No","No","Yes",3
250,36,"No","No","Yes","No","Yes","Yes","Yes","No","Yes","No","Yes","No","Yes","Yes","No",3
1500,18,"Yes","No","Yes","Yes","No","Yes","No","No","Yes","Yes","Yes","No","No","No","No",4
1350,26,"Yes","Yes","No","Yes","Yes","No","No","Yes","No","Yes","No","No","Yes","Yes","Yes",1
450,20,"No","Yes","No","No","Yes","No","Yes","No","No","Yes","Yes","No","No","Yes","No",1
1000,16,"Yes","Yes","No","No","No","No","No","No","Yes","No","Yes","No","Yes","Yes","Yes",5
1100,28,"No","Yes","No","Yes","Yes","No","Yes","No","No","No","Yes","No","Yes","No","No",2
1550,30,"Yes","No","No","No","Yes","Yes","No","No","Yes","Yes","Yes","No","No","No","No",5
1800,36,"Yes","No","No","No","No","No","No","Yes","Yes","No","Yes","No","No","No","Yes",3
1750,26,"No","No","No","No","Yes","Yes","Yes","Yes","No","Yes","Yes","Yes","Yes","No","Yes",2
1050,20,"No","No","Yes","No","Yes","No","No","No","Yes","No","Yes","No","Yes","No","Yes",5
1150,34,"No","No","Yes","Yes","Yes","Yes","Yes","Yes","Yes","No","No","No","Yes","No","Yes",1
1200,39,"Yes","No","No","No","Yes","No","Yes","Yes","Yes","No","Yes","Yes","Yes","Yes","No",5
900,27,"No","Yes","Yes","No","Yes","No","Yes","Yes","Yes","No","Yes","No","No","No","No",3
400,37,"No","Yes","Yes","No","Yes","No","Yes","Yes","No","Yes","Yes","Yes","Yes","No","Yes",5
900,18,"Yes","No","No","No","Yes","No","No","Yes","No","Yes","Yes","Yes","Yes","No","Yes",2
1150,18,"Yes","Yes","No","Yes","No","Yes","Yes","Yes","No","Yes","Yes","Yes","No","No","No",1
1100,27,"No","Yes","Yes","No","No","No","Yes","Yes","Yes","Yes","No","No","Yes","No","Yes",3
50,28,"No","No","No","Yes","Yes","Yes","No","No","Yes","No","No","Yes","Yes","No","No",4
50,20,"Yes","No","No","No","Yes","No","No","Yes","Yes","Yes","No","Yes","Yes","No","Yes",3
950,29,"No","No","Yes","Yes","No","Yes","Yes","Yes","No","Yes","Yes","No","No","Yes","No",3
1550,38,"No","No","Yes","Yes","No","Yes","Yes","No","Yes","Yes","Yes","No","Yes","Yes","No",3
1900,13,"No","No","Yes","No","No","Yes","Yes","Yes","No","Yes","No","No","No","No","Yes",5
1150,25,"No","No","No","Yes","Yes","Yes","Yes","Yes","Yes","Yes","No","Yes","No","No","Yes",3
250,14,"Yes","No","No","Yes","Yes","No","Yes","No","Yes","No","Yes","No","No","Yes","No",5
100,40,"Yes","Yes","Yes","Yes","No","Yes","No","Yes","Yes","No","Yes","No","Yes","No","No",4
400,29,"No","No","Yes","No","No","No","No","No","Yes","Yes","No","Yes","Yes","No","Yes",3
1400,30,"Yes","Yes","No","Yes","Yes","No","No","No","Yes","Yes","No","Yes","No","No","No",4
1650,13,"No","Yes","Yes","No","No","No","Yes","Yes","No","Yes","No","No","Yes","Yes","No",1
1000,35,"Yes","No","No","No","Yes","Yes","No","No","Yes","Yes","No","Yes","Yes","No","No",3
150,27,"Yes","No","No","Yes","No","No","Yes","Yes","No","Yes","Yes","Yes","Yes","Yes","No",4
1600,33,"Yes","No","No","No","No","Yes","Yes","Yes","Yes","Yes","Yes","No","No","Yes","Yes",1
1400,12,"Yes","Yes","Yes","Yes","Yes","Yes","Yes","Yes","Yes","Yes","No","Yes","Yes","No","No",1
2000,23,"No","Yes","No","Yes","Yes","No","Yes","No","Yes","No","No","Yes","Yes","Yes","No",3
100,37,"Yes","Yes","Yes","No","Yes","Yes","No","No","No","Yes","No","No","No","No","No",1
1850,30,"No","No","No","Yes","Yes","Yes","Yes","Yes","No","No","No","Yes","Yes","Yes","No",5
1450,28,"Yes","No","No","Yes","No","Yes","No","Yes","Yes","No","Yes","No","Yes","Yes","No",3
1950,22,"No","Yes","Yes","No","No","No","No","Yes","Yes","Yes","Yes","Yes","No","Yes","Yes",1
1000,39,"No","No","No","No","Yes","Yes","Yes","Yes","Yes","Yes","Yes","No","Yes","No","Yes",4
1150,20,"No","Yes","Yes","Yes","Yes","No","No","Yes","No","Yes","Yes","No","Yes","Yes","No",1
1000,37,"No","Yes","Yes","Yes","No","No","No","No","Yes","No","Yes","Yes","Yes","No","Yes",2
1050,15,"Yes","No","No","No","Yes","No","Yes","Yes","No","No","Yes","Yes","Yes","Yes","No",4
400,21,"No","No","Yes","No","Yes","Yes","Yes","No","No","Yes","Yes","Yes","No","Yes","Yes",3
1050,21,"No","Yes","No","No","No","Yes","Yes","No","Yes","No","Yes","No","No","Yes","No",4
1400,24,"Yes","Yes","No","Yes","Yes","Yes","Yes","No","Yes","No","No","Yes","No","Yes","Yes",1
650,40,"Yes","Yes","No","Yes","No","No","Yes","No","No","Yes","Yes","No","No","Yes","No",5
1750,15,"No","Yes","Yes","No","No","Yes","Yes","Yes","No","Yes","Yes","Yes","Yes","Yes","Yes",4
1300,27,"No","No","No","No","No","No","No","Yes","No","No","Yes","Yes","No","Yes","Yes",3
1100,34,"Yes","Yes","No","No","Yes","No","Yes","Yes","No","Yes","Yes","No","Yes","No","No",3
1100,28,"No","Yes","Yes","Yes","Yes","Yes","Yes","Yes","Yes","No","No","Yes","Yes","Yes","No",4
100,14,"No","Yes","Yes","Yes","No","No","Yes","Yes","Yes","Yes","Yes","No","Yes","Yes","No",2
650,24,"Yes","No","Yes","No","Yes","Yes","No","Yes","No","Yes","Yes","Yes","No","No","Yes",2
400,26,"Yes","Yes","Yes","No","No","No","No","Yes","Yes","No","No","Yes","Yes","No","Yes",2
1850,39,"No","Yes","No","No","No","No","No","Yes","No","Yes","No","No","Yes","Yes","Yes",2
1650,13,"Yes","Yes","Yes","Yes","Yes","No","Yes","No","Yes","Yes","Yes","Yes","Yes","No","No",2
1250,28,"No","Yes","Yes","Yes","No","Yes","Yes","Yes","No","Yes","Yes","Yes","Yes","Yes","Yes",2
800,16,"Yes","No","No","No","No","No","No","Yes","Yes","No","Yes","Yes","Yes","No","No",2
900,12,"Yes","No","No","No","Yes","Yes","Yes","Yes","No","No","No","No","No","No","Yes",5
1250,27,"No","No","Yes","No","Yes","Yes","No","No","Yes","Yes","No","No","No","Yes","Yes",1
900,12,"No","Yes","No","Yes","Yes","Yes","Yes","Yes","Yes","Yes","Yes","No","Yes","Yes","Yes",4
1500,16,"No","No","Yes","No","No","Yes","No","No","Yes","Yes","No","No","Yes","No","No",1
1800,22,"Yes","No","No","No","No","Yes","No","No","Yes","No","No","Yes","No","No","No",5
950,35,"No","No","No","Yes","Yes","Yes","Yes","Yes","Yes","No","Yes","Yes","No","Yes","No",3
900,23,"No","Yes","No","No","Yes","Yes","Yes","No","Yes","No","No","No","Yes","No","No",2
950,31,"No","No","Yes","Yes","No","Yes","Yes","No","No","No","No","No","Yes","Yes","No",3
500,34,"Yes","Yes","No","Yes","Yes","Yes","No","Yes","No","Yes","No","Yes","Yes","Yes","Yes",5
1200,20,"Yes","No","Yes","No","No","No","No","No","No","No","Yes","Yes","No","No","Yes",5
1900,27,"Yes","No","Yes","No","Yes","No","Yes","Yes","No","Yes","Yes","Yes","No","No","Yes",2
1500,31,"Yes","Yes","Yes","Yes","No","Yes","Yes","Yes","No","No","No","Yes","Yes","No","No",2
350,32,"No","Yes","Yes","No","No","No","No","No","No","Yes","Yes","Yes","Yes","Yes","Yes",4
600,18,"Yes","No","Yes","No","Yes","Yes","Yes","Yes","Yes","Yes","No","Yes","Yes","Yes","No",3
1550,13,"Yes","No","Yes","Yes","No","No","No","No","Yes","Yes","Yes","Yes","Yes","No","Yes",3
900,18,"No","No","No","No","No","Yes","No","No","No","Yes","No","Yes","Yes","Yes","Yes",5
1900,25,"Yes","Yes","Yes","Yes","Yes","No","No","Yes","No","No","Yes","No","No","No","No",4
1650,29,"Yes","No","No","No","Yes","No","No","No","Yes","Yes","Yes","Yes","Yes","No","No",5
550,23,"Yes","No","No","Yes","No","No","No","No","No","No","Yes","No","Yes","No","Yes",2
1100,40,"No","Yes","No","Yes","Yes","Yes","Yes","No","No","Yes","Yes","Yes","No","Yes","No",1
250,18,"No","No","Yes","No","No","Yes","No","No","No","Yes","Yes","No","No","No","Yes",5
1950,27,"Yes","Yes","Yes","No","No","No","Yes","No","Yes","Yes","No","No","Yes","No","No",3
1700,22,"Yes","Yes","Yes","Yes","Yes","No","No","No","No","Yes","No","Yes","No","Yes","No",3
1450,31,"Yes","No","Yes","No","Yes","No","Yes","No","Yes","Yes","Yes","No","Yes","No","Yes",1
1400,31,"Yes","Yes","No","Yes","Yes","Yes","Yes","Yes","Yes","Yes","Yes","Yes","Yes","Yes","No",5
1800,39,"No","No","No","Yes","Yes","Yes","Yes","No","No","No","Yes","No","Yes","No","No",2
1900,27,"No","No","No","Yes","No","No","No","Yes","No","No","No","No","Yes","No","No",3
1150,39,"Yes","No","Yes","Yes","No","Yes","Yes","No","Yes","No","No","No","No","No","Yes",4
1600,21,"Yes","No","Yes","No","No","Yes","No","No","No","Yes","No","Yes","Yes","Yes","Yes",1
1300,29,"Yes","Yes","No","Yes","Yes","Yes","No","No","Yes","Yes","Yes","Yes","No","Yes","Yes",1
500,30,"Yes","Yes","No","No","Yes","No","Yes","No","No","Yes","No","No","Yes","Yes","No",5
600,39,"No","No","Yes","No","No","No","Yes","No","No","No","Yes","No","No","Yes","Yes",5
550,18,"Yes","No","No","Yes","No","Yes","No","Yes","No","No","No","Yes","Yes","No","No",5
850,16,"No","Yes","No","No","Yes","No","No","Yes","Yes","No","Yes","Yes","No","Yes","Yes",4
1900,32,"Yes","No","Yes","No","Yes","No","No","No","No","No","Yes","No","Yes","Yes","Yes",4
1800,32,"No","No","Yes","Yes","Yes","No","Yes","Yes","Yes","Yes","Yes","No","No","No","Yes",5
500,29,"Yes","No","No","Yes","No","No","Yes","Yes","No","Yes","Yes","No","Yes","Yes","Yes",3
1650,31,"Yes","Yes","No","No","No","No","Yes","Yes","Yes","Yes","No","No","No","Yes","No",1
200,28,"No","No","No","No","Yes","Yes","No","No","Yes","No","Yes","No","Yes","Yes","No",1
100,31,"Yes","Yes","Yes","Yes","Yes","No","No","No","No","Yes","Yes","Yes","No","Yes","No",3
600,39,"Yes","Yes","Yes","No","No","No","No","Yes","No","Yes","Yes","Yes","Yes","Yes","Yes",3
1550,35,"Yes","No","No","Yes","No","No","Yes","Yes","Yes","No","Yes","No","Yes","No","No",2
900,27,"No","Yes","Yes","No","No","Yes","No","No","Yes","No","No","Yes","Yes","Yes","Yes",5
50,34,"No","No","Yes","No","Yes","Yes","No","No","Yes","No","Yes","No","Yes","No","No",1
1900,14,"Yes","Yes","Yes","No","Yes","Yes","Yes","No","No","No","Yes","No","Yes","No","Yes",2
1200,18,"Yes","Yes","Yes","No","Yes","No","Yes","No","Yes","No","Yes","Yes","No","No","No",1
1100,34,"No","Yes","No","No","No","Yes","Yes","Yes","Yes","No","No","No","Yes","No","Yes",3
1400,40,"No","Yes","No","No","Yes","Yes","Yes","Yes","Yes","Yes","Yes","No","Yes","No","Yes",5
1700,25,"No","Yes","Yes","Yes","No","Yes","Yes","No","No","No","No","Yes","Yes","No","No",4
550,21,"No","No","No","No","No","Yes","Yes","Yes","No","No","No","Yes","No","Yes","Yes",3
1750,16,"No","No","Yes","No","Yes","Yes","No","No","Yes","Yes","Yes","Yes","No","Yes","Yes",4
1200,23,"No","No","No","Yes","No","Yes","Yes","No","Yes","Yes","Yes","Yes","Yes","No","No",5
1250,14,"Yes","No","No","No","No","No","Yes","No","No","No","Yes","No","Yes","Yes","Yes",2
500,32,"Yes","No","Yes","No","No","No","Yes","Yes","Yes","Yes","No","Yes","Yes","Yes","No",2
1800,39,"Yes","Yes","No","No","Yes","Yes","Yes","Yes","No","No","Yes","No","Yes","Yes","Yes",1
800,39,"Yes","Yes","Yes","No","Yes","Yes","No","Yes","Yes","Yes","Yes","Yes","Yes","No","Yes",4
100,23,"Yes","Yes","Yes","Yes","No","Yes","No","No","No","Yes","Yes","Yes","Yes","No","No",2
600,15,"No","Yes","No","No","Yes","No","No","Yes","No","Yes","Yes","No","No","Yes","Yes",2
950,34,"No","Yes","No","No","No","Yes","Yes","No","Yes","Yes","Yes","Yes","Yes","No","Yes",5
2000,26,"Yes","Yes","Yes","No","Yes","No","Yes","Yes","No","No","Yes","Yes","Yes","No","No",5
100,34,"No","No","No","No","Yes","No","Yes","No","No","Yes","Yes","Yes","Yes","No","Yes",3
1250,18,"Yes","Yes","Yes","Yes","No","No","Yes","Yes","Yes","Yes","Yes","No","No","No","Yes",5
1150,12,"Yes","Yes","No","Yes","No","Yes","No","No","No","Yes","Yes","Yes","Yes","No","No",4
800,40,"No","Yes","Yes","No","No","No","Yes","Yes","Yes","Yes","Yes","No","No","Yes","No",2
150,36,"No","No","No","No","Yes","No","No","Yes","Yes","Yes","Yes","No","No","Yes","Yes",3
1900,28,"Yes","Yes","Yes","No","Yes","Yes","No","No","Yes","Yes","No","No","No","No","No",1
1200,37,"No","Yes","Yes","No","Yes","Yes","No","No","Yes","No","Yes","No","Yes","No","Yes",1
1000,20,"Yes","Yes","Yes","Yes","No","Yes","No","Yes","Yes","Yes","No","No","No","No","No",3
700,39,"Yes","Yes","No","No","Yes","Yes","No","No","No","Yes","No","Yes","Yes","No","Yes",2
1250,20,"No","No","Yes","Yes","Yes","No","Yes","No","No","Yes","No","No","Yes","Yes","No",3
600,24,"No","No","No","No","No","Yes","No","Yes","Yes","Yes","No","No","Yes","No","Yes",5
200,25,"No","Yes","No","Yes","Yes","Yes","Yes","Yes","No","Yes","Yes","No","No","Yes","No",1
1450,14,"Yes","Yes","No","No","Yes","Yes","No","No","No","No","Yes","Yes","No","No","Yes",2
300,17,"Yes","Yes","No","Yes","Yes","No","No","Yes","Yes","No","No","Yes","Yes","Yes","No",4
50,33,"Yes","No","No","Yes","No","Yes","No","No","Yes","Yes","Yes","Yes","Yes","Yes","No",2
1150,36,"No","No","No","Yes","Yes","Yes","Yes","No","Yes","Yes","No","Yes","Yes","No","Yes",3
1300,36,"Yes","No","No","Yes","Yes","No","No","No","No","No","Yes","No","Yes","No","Yes",2
1600,37,"Yes","Yes","Yes","Yes","Yes","Yes","No","No","No","No","Yes","No","Yes","Yes","Yes",2
400,29,"Yes","Yes","Yes","Yes","Yes","No","Yes","Yes","Yes","Yes","Yes","Yes","Yes","No","No",5
400,18,"Yes","Yes","Yes","Yes","No","No","Yes","No","Yes","No","No","No","Yes","No","No",5
450,30,"No","Yes","Yes","Yes","Yes","Yes","No","Yes","Yes","No","No","Yes","No","No","No",4
1900,38,"Yes","Yes","Yes","Yes","Yes","Yes","Yes","No","No","Yes","Yes","No","Yes","Yes","Yes",3
550,39,"Yes","Yes","No","No","No","No","No","Yes","No","Yes","Yes","No","No","No","Yes",5
350,31,"No","Yes","Yes","No","Yes","Yes","No","Yes","No","No","No","Yes","No","No","No",2
200,26,"Yes","No","Yes","Yes","Yes","Yes","No","Yes","No","Yes","No","No","Yes","Yes","Yes",5
1200,26,"Yes","Yes","No","Yes","No","Yes","No","No","No","No","Yes","Yes","Yes","No","Yes",4
1600,39,"Yes","No","No","Yes","No","No","No","No","Yes","No","No","Yes","Yes","No","Yes",1
1400,40,"No","Yes","No","No","Yes","No","Yes","No","No","Yes","Yes","No","No","Yes","Yes",1
100,24,"Yes","No","No","No","Yes","Yes","Yes","Yes","No","Yes","Yes","Yes","No","Yes","Yes",1
850,17,"No","Yes","No","Yes","Yes","Yes","Yes","Yes","No","No","Yes","Yes","No","No","No",2
1250,20,"No","No","Yes","Yes","No","Yes","No","Yes","Yes","No","No","Yes","Yes","No","Yes",5
500,27,"No","No","Yes","No","No","Yes","Yes","No","No","No","Yes","No","Yes","No","Yes",1
800,27,"No","Yes","No","Yes","No","No","No","No","Yes","Yes","Yes","No","No","No","Yes",2
800,37,"No","No","Yes","Yes","No","No","No","Yes","No","Yes","Yes","Yes","Yes","No","No",4
100,31,"No","Yes","No","No","No","No","No","Yes","No","Yes","No","No","Yes","Yes","Yes",5
500,20,"Yes","No","Yes","Yes","No","No","Yes","No","Yes","No","Yes","No","Yes","No","No",3
750,23,"Yes","Yes","Yes","Yes","No","Yes","Yes","Yes","No","No","No","Yes","Yes","No","No",5
50,26,"No","No","No","Yes","Yes","Yes","Yes","No","Yes","No","Yes","Yes","Yes","Yes","Yes",1
450,33,"No","No","Yes","No","No","Yes","No","No","No","No","No","No","No","No","Yes",3
1700,40,"Yes","No","Yes","No","Yes","No","Yes","Yes","No","Yes","Yes","No","Yes","Yes","No",1
750,21,"Yes","No","No","Yes","Yes","No","No","Yes","Yes","No","Yes","Yes","Yes","No","Yes",4
1000,24,"Yes","No","Yes","No","No","No","No","Yes","Yes","Yes","No","Yes","No","No","No",1
400,13,"Yes","Yes","No","No","No","No","No","No","Yes","No","No","No","No","No","No",3
700,35,"Yes","Yes","Yes","No","Yes","No","Yes","No","No","No","No","No","Yes","Yes","No",1
750,19,"No","No","No","No","No","Yes","No","No","Yes","Yes","Yes","No","No","Yes","No",1
1450,40,"Yes","Yes","No","Yes","No","Yes","No","Yes","Yes","No","Yes","No","Yes","Yes","No",5
1650,20,"Yes","No","No","No","Yes","No","Yes","No","Yes","Yes","No","No","Yes","Yes","No",1
1450,12,"No","Yes","No","Yes","No","No","No","No","Yes","No","Yes","Yes","No","Yes","No",1
150,36,"No","No","Yes","Yes","Yes","No","No","Yes","No","Yes","No","No","Yes","No","No",5
1550,18,"Yes","No","Yes","Yes","No","No","Yes","Yes","Yes","No","No","No","Yes","Yes","No",5
50,19,"Yes","No","Yes","No","No","No","Yes","No","Yes","No","No","Yes","Yes","Yes","Yes",3
1450,18,"No","No","Yes","Yes","Yes","Yes","No","No","Yes","No","Yes","No","No","Yes","No",1
550,12,"Yes","Yes","No","Yes","Yes","No","No","Yes","No","Yes","Yes","Yes","Yes","Yes","No",2
1400,14,"No","No","No","No","Yes","Yes","Yes","No","Yes","No","Yes","No","Yes","Yes","No",2
600,12,"Yes","No","Yes","Yes","Yes","Yes","No","No","Yes","No","Yes","No","No","No","Yes",5
450,21,"Yes","No","No","No","Yes","No","Yes","Yes","No","No","Yes","Yes","Yes","No","No",4
500,22,"No","Yes","Yes","Yes","No","Yes","No","No","Yes","No","No","Yes","Yes","Yes","Yes",3
1600,13,"Yes","Yes","Yes","No","No","No","No","Yes","Yes","Yes","Yes","No","Yes","No","No",2
1350,12,"Yes","Yes","Yes","No","No","No","No","Yes","No","No","Yes","No","Yes","No","No",3
150,31,"No","No","Yes","No","Yes","No","No","No","Yes","No","No","No","No","Yes","No",1
1550,20,"No","No","No","Yes","Yes","No","No","No","No","Yes","No","Yes","Yes","Yes","Yes",2
750,21,"No","No","No","No","Yes","No","No","No","Yes","No","Yes","No","No","Yes","Yes",1
700,14,"No","Yes","No","No","No","No","No","Yes","Yes","Yes","Yes","No","Yes","No","Yes",5
1500,14,"Yes","No","No","Yes","Yes","Yes","Yes","Yes","No","Yes","Yes","No","No","Yes","No",3
350,36,"No","No","Yes","Yes","No","No","No","No","Yes","No","Yes","Yes","Yes","No","Yes",1
850,16,"Yes","Yes","No","Yes","No","Yes","Yes","Yes","Yes","Yes","Yes","Yes","Yes","Yes","No",5
1600,29,"No","No","Yes","No","Yes","No","Yes","Yes","Yes","Yes","Yes","No","No","Yes","No",4
50,16,"Yes","No","No","No","Yes","Yes","Yes","Yes","Yes","Yes","Yes","Yes","No","No","No",2
650,27,"No","Yes","Yes","No","No","Yes","No","Yes","No","No","No","Yes","No","No","Yes",1
500,15,"No","No","No","Yes","No","No","Yes","No","No","No","Yes","No","Yes","No","Yes",1
150,40,"Yes","No","Yes","Yes","No","No","Yes","No","Yes","Yes","No","Yes","Yes","Yes","Yes",5
1800,16,"Yes","No","No","No","No","No","No","No","Yes","No","Yes","No","No","Yes","No",1
200,33,"No","Yes","Yes","Yes","Yes","No","No","No","No","Yes","No","No","No","No","No",5
800,29,"No","Yes","No","Yes","No","Yes","No","Yes","Yes","Yes","Yes","Yes","No","No","Yes",2
1000,39,"Yes","Yes","No","Yes","No","Yes","Yes","No","Yes","Yes","Yes","Yes","No","Yes","No",3
700,36,"No","Yes","No","Yes","No","No","No","Yes","Yes","No","No","Yes","Yes","No","No",1
1750,34,"Yes","No","No","No","Yes","Yes","Yes","Yes","Yes","No","No","Yes","Yes","No","No",2
200,34,"Yes","No","No","No","No","No","No","No","No","Yes","No","Yes","No","Yes","No",3
1500,40,"No","Yes","No","No","No","Yes","Yes","Yes","No","Yes","Yes","Yes","No","No","Yes",3
800,24,"No","No","No","Yes","Yes","Yes","No","No","Yes","Yes","Yes","Yes","Yes","Yes","No",2
1800,30,"No","Yes","No","No","Yes","No","No","Yes","Yes","No","No","No","No","Yes","No",2
1950,36,"Yes","No","Yes","No","Yes","No","No","No","Yes","Yes","No","Yes","No","No","No",4
1450,27,"Yes","No","Yes","Yes","Yes","Yes","No","Yes","Yes","No","Yes","No","No","Yes","No",5
1750,23,"No","Yes","Yes","Yes","No","No","No","No","Yes","Yes","No","No","Yes","Yes","Yes",5
1150,39,"No","Yes","Yes","No","No","Yes","Yes","Yes","Yes","Yes","No","No","Yes","Yes","No",2
450,40,"Yes","No","No","No","Yes","Yes","Yes","Yes","Yes","No","Yes","Yes","No","Yes","Yes",5
300,27,"No","No","Yes","No","No","Yes","Yes","No","No","Yes","No","Yes","No","No","No",2
1050,18,"No","No","No","Yes","Yes","Yes","No","Yes","Yes","No","Yes","No","No","Yes","Yes",3
900,12,"Yes","No","Yes","No","Yes","No","Yes","Yes","Yes","Yes","Yes","Yes","No","Yes","No",4
650,28,"Yes","Yes","Yes","No","Yes","No","No","Yes","Yes","Yes","Yes","No","No","No","Yes",1
1800,23,"Yes","Yes","No","Yes","Yes","Yes","Yes","No","Yes","Yes","No","Yes","No","Yes","No",3
1450,15,"No","No","No","No","Yes","No","Yes","Yes","No","No","No","No","No","Yes","No",3
1750,38,"No","No","Yes","Yes","Yes","No","Yes","Yes","No","No","No","Yes","Yes","No","No",4
1450,40,"No","Yes","Yes","No","No","No","Yes","Yes","No","Yes","Yes","No","Yes","Yes","Yes",1
950,15,"Yes","No","Yes","Yes","Yes","Yes","Yes","Yes","No","No","No","Yes","Yes","No","No",1
0,28,"No","No","No","Yes","No","Yes","Yes","Yes","No","No","No","Yes","Yes","Yes","Yes",3
1250,38,"No","Yes","Yes","No","No","Yes","No","Yes","Yes","No","Yes","Yes","Yes","No","Yes",4
950,19,"No","Yes","No","No","Yes","Yes","No","Yes","Yes","No","Yes","No","No","Yes","Yes",4
1950,16,"Yes","No","No","No","Yes","Yes","No","Yes","No","Yes","No","Yes","No","Yes","Yes",3
1550,14,"Yes","No","No","No","No","No","Yes","Yes","Yes","No","No","Yes","No","No","Yes",4
150,26,"No","Yes","Yes","Yes","Yes","Yes","No","No","Yes","Yes","No","Yes","No","Yes","Yes",4
1700,16,"No","Yes","Yes","No","No","No","Yes","Yes","Yes","Yes","Yes","Yes","Yes","No","Yes",4
700,15,"No","No","No","Yes","No","No","No","No","No","Yes","No","No","Yes","No","Yes",1
1150,39,"Yes","Yes","Yes","No","Yes","No","Yes","Yes","No","Yes","No","No","Yes","Yes","Yes",4
1400,15,"No","No","No","Yes","Yes","Yes","No","Yes","Yes","Yes","Yes","No","No","No","No",1
550,21,"Yes","No","No","Yes","Yes","Yes","No","No","Yes","Yes","No","Yes","No","No","No",4
1900,12,"Yes","No","No","No","Yes","No","No","No","Yes","No","Yes","Yes","Yes","Yes","Yes",2
1000,14,"Yes","Yes","No","Yes","No","No","No","Yes","Yes","No","No","No","Yes","Yes","Yes",1
1200,38,"Yes","No","Yes","Yes","No","Yes","Yes","No","Yes","Yes","Yes","No","No","No","No",3
1050,22,"Yes","Yes","No","No","Yes","Yes","Yes","Yes","Yes","No","No","Yes","No","No","Yes",4
750,28,"No","No","Yes","Yes","Yes","Yes","No","Yes","Yes","No","Yes","Yes","Yes","No","No",5
200,34,"Yes","Yes","Yes","No","Yes","No","No","No","No","Yes","No","Yes","Yes","Yes","No",5
850,14,"No","No","No","No","Yes","No","Yes","Yes","Yes","Yes","No","Yes","Yes","Yes","Yes",1
200,20,"No","No","Yes","No","Yes","No","No","Yes","No","No","No","No","Yes","Yes","Yes",2
1250,20,"Yes","Yes","No","No","No","Yes","No","Yes","Yes","Yes","Yes","No","Yes","Yes","Yes",2
400,23,"No","No","Yes","No","No","No","Yes","Yes","Yes","Yes","No","No","No","No","No",5
400,29,"Yes","No","No","Yes","Yes","No","No","Yes","Yes","No","No","Yes","Yes","No","Yes",2
1750,17,"No","Yes","No","No","Yes","No","No","Yes","No","Yes","No","No","No","No","No",3
700,38,"No","Yes","Yes","Yes","Yes","No","Yes","No","Yes","No","Yes","No","Yes","Yes","No",3
450,34,"No","Yes","Yes","No","Yes","No","Yes","No","No","No","No","Yes","No","Yes","Yes",3
1150,39,"No","Yes","Yes","Yes","Yes","Yes","Yes","Yes","No","No","No","No","Yes","Yes","No",4
750,23,"Yes","Yes","Yes","No","No","No","Yes","Yes","Yes","Yes","No","No","No","Yes","No",5
1300,33,"No","No","Yes","No","Yes","No","No","Yes","Yes","No","No","Yes","No","Yes","Yes",1
1450,36,"No","No","No","No","No","Yes","Yes","Yes","Yes","No","No","No","No","No","No",2
800,30,"Yes","Yes","Yes","Yes","No","No","Yes","No","Yes","No","Yes","Yes","Yes","Yes","Yes",2
1250,13,"Yes","No","Yes","No","Yes","No","No","No","No","No","No","Yes","No","No","No",3
1350,13,"No","Yes","No","Yes","Yes","Yes","Yes","No","No","Yes","No","No","Yes","No","Yes",4
1000,14,"No","Yes","No","Yes","Yes","Yes","Yes","No","No","Yes","Yes","No","No","Yes","No",5
1850,34,"Yes","Yes","Yes","Yes","Yes","Yes","No","No","No","No","No","Yes","No","Yes","Yes",2
1300,38,"Yes","No","No","No","Yes","Yes","Yes","No","Yes","Yes","Yes","Yes","Yes","Yes","Yes",1
250,13,"No","Yes","No","Yes","Yes","No","Yes","Yes","No","Yes","No","Yes","No","No","Yes",5
650,17,"No","No","Yes","No","Yes","Yes","No","Yes","Yes","No","No","No","Yes","No","Yes",5
1950,25,"No","No","No","No","No","No","No","Yes","No","Yes","Yes","Yes","Yes","Yes","No",4
950,34,"No","No","Yes","Yes","Yes","No","No","Yes","Yes","Yes","Yes","No","No","No","No",2
850,14,"Yes","Yes","No","No","Yes","No","Yes","No","No","Yes","No","No","Yes","Yes","No",5
150,12,"No","Yes","No","No","No","Yes","No","No","No","No","No","No","Yes","No","Yes",1
1300,38,"No","Yes","Yes","Yes","No","No","Yes","Yes","No","No","No","Yes","Yes","Yes","No",5
750,16,"Yes","No","No","Yes","Yes","Yes","No","Yes","No","No","Yes","Yes","Yes","Yes","No",4
1300,27,"No","No","Yes","Yes","No","No","No","No","Yes","Yes","No","No","Yes","Yes","Yes",1
1150,19,"No","No","Yes","No","No","Yes","No","No","No","No","Yes","Yes","Yes","No","Yes",3
1700,26,"Yes","No","Yes","Yes","No","No","Yes","Yes","No","No","Yes","Yes","No","No","No",5
1200,26,"Yes","Yes","Yes","No","Yes","Yes","No","Yes","Yes","Yes","No","Yes","Yes","No","No",3
1350,35,"No","No","Yes","No","No","Yes","Yes","No","Yes","No","Yes","No","Yes","No","No",5
1550,28,"Yes","No","Yes","No","No","No","Yes","Yes","Yes","No","Yes","No","Yes","No","No",5
1150,26,"Yes","No","Yes","Yes","No","Yes","Yes","No","Yes","No","Yes","No","No","Yes","No",4
700,12,"Yes","Yes","No","No","Yes","No","No","Yes","No","No","No","No","Yes","Yes","Yes",1
1950,16,"No","No","No","No","Yes","Yes","Yes","No","No","No","No","No","Yes","No","Yes",2
1100,29,"No","No","No","No","No","Yes","No","No","No","No","Yes","No","No","No","No",3
50,37,"Yes","No","No","Yes","No","No","Yes","Yes","Yes","No","No","Yes","Yes","Yes","Yes",1
400,12,"Yes","No","No","No","Yes","No","No","No","No","No","Yes","Yes","No","No","Yes",1
950,27,"Yes","Yes","No","No","Yes","Yes","Yes","Yes","Yes","No","Yes","Yes","Yes","No","Yes",1
950,31,"No","Yes","No","No","Yes","No","No","No","No","No","Yes","No","Yes","Yes","Yes",5
1550,18,"No","Yes","Yes","No","Yes","No","Yes","Yes","No","No","No","No","No","Yes","Yes",5
300,28,"No","Yes","Yes","Yes","Yes","No","Yes","No","No","Yes","No","Yes","Yes","Yes","No",1
1600,38,"Yes","No","Yes","Yes","No","No","No","Yes","Yes","Yes","No","Yes","No","Yes","No",2
200,39,"No","Yes","No","No","No","No","No","No","Yes","No","Yes","No","No","No","Yes",5
1200,21,"Yes","No","No","Yes","Yes","Yes","Yes","Yes","Yes","Yes","No","Yes","No","Yes","No",5
850,22,"Yes","Yes","Yes","Yes","No","No","No","No","No","Yes","No","Yes","Yes","No","Yes",2
1050,27,"No","Yes","Yes","No","Yes","No","No","Yes","No","Yes","Yes","No","Yes","Yes","No",4
1900,30,"No","No","No","No","Yes","Yes","Yes","Yes","Yes","No","Yes","No","Yes","No","No",2
1000,37,"No","Yes","Yes","No","No","No","Yes","Yes","Yes","Yes","No","Yes","No","Yes","No",2
1900,39,"Yes","No","Yes","Yes","No","Yes","Yes","Yes","No","Yes","No","No","Yes","Yes","Yes",1
900,15,"No","Yes","No","Yes","No","No","No","No","Yes","Yes","Yes","Yes","No","No","No",3
900,39,"Yes","Yes","Yes","Yes","No","Yes","No","No","Yes","No","No","No","Yes","Yes","Yes",5
200,23,"No","Yes","Yes","Yes","Yes","No","Yes","No","No","No","Yes","Yes","No","No","No",1
1400,17,"Yes","Yes","No","Yes","No","Yes","No","No","Yes","No","Yes","No","No","No","Yes",1
900,14,"No","No","Yes","Yes","Yes","No","Yes","No","Yes","Yes","No","Yes","Yes","No","No",4
850,15,"Yes","Yes","Yes","Yes","No","No","No","No","Yes","Yes","No","No","Yes","Yes","No",2
1900,15,"No","Yes","No","No","No","Yes","Yes","Yes","Yes","No","Yes","No","No","Yes","No",1
1450,37,"No","Yes","No","Yes","No","No","Yes","No","Yes","No","No","Yes","No","No","No",5
1750,37,"Yes","Yes","Yes","Yes","No","Yes","Yes","No","Yes","Yes","No","No","No","Yes","No",3
550,17,"No","Yes","Yes","No","Yes","No","No","Yes","Yes","Yes","Yes","Yes","Yes","No","No",2
950,24,"Yes","No","Yes","Yes","Yes","No","No","Yes","Yes","Yes","Yes","No","Yes","Yes","Yes",4
900,16,"Yes","No","Yes","No","Yes","Yes","No","Yes","Yes","No","No","Yes","Yes","No","No",5
850,18,"Yes","No","Yes","No","Yes","Yes","Yes","No","No","Yes","Yes","Yes","No","No","No",1
750,35,"No","Yes","No","Yes","No","Yes","No","No","No","Yes","Yes","Yes","Yes","Yes","Yes",5
650,35,"Yes","No","Yes","No","No","Yes","No","No","No","Yes","Yes","No","Yes","Yes","Yes",4
850,22,"Yes","No","Yes","Yes","Yes","No","Yes","No","Yes","Yes","No","No","No","No","No",5
1600,36,"Yes","Yes","Yes","Yes","No","Yes","Yes","Yes","No","Yes","No","Yes","Yes","No","Yes",5
1900,26,"Yes","Yes","Yes","Yes","Yes","Yes","Yes","Yes","Yes","No","Yes","No","No","No","Yes",5
850,40,"Yes","Yes","No","No","No","Yes","Yes","No","Yes","Yes","Yes","No","No","Yes","No",5
750,21,"Yes","Yes","No","Yes","No","Yes","No","No","Yes","No","No","Yes","Yes","No","Yes",1
100,15,"No","No","No","Yes","Yes","Yes","Yes","Yes","Yes","No","No","No","No","No","Yes",5
1800,19,"No","No","Yes","Yes","Yes","No","No","No","No","Yes","No","Yes","Yes","No","No",1
1450,13,"No","Yes","No","No","Yes","Yes","No","No","No","No","Yes","Yes","Yes","Yes","No",3
1300,40,"No","Yes","No","Yes","Yes","No","No","No","No","Yes","Yes","No","Yes","No","Yes",3
1600,35,"Yes","Yes","Yes","No","No","No","No","Yes","Yes","Yes","Yes","Yes","No","Yes","No",4
1650,20,"No","Yes","Yes","No","No","No","No","No","No","No","Yes","Yes","Yes","No","Yes",2
1100,24,"Yes","No","No","Yes","Yes","Yes","No","No","Yes","No","No","No","No","No","Yes",2
1450,36,"No","No","No","No","No","No","No","No","No","No","No","Yes","No","No","Yes",1
450,13,"Yes","Yes","Yes","No","Yes","Yes","Yes","Yes","No","No","No","No","No","No","Yes",5
1300,19,"No","No","No","Yes","Yes","No","Yes","No","No","No","Yes","Yes","No","No","Yes",1
1550,22,"No","No","No","Yes","Yes","Yes","No","No","No","Yes","No","Yes","Yes","Yes","Yes",3
900,16,"Yes","No","No","Yes","No","Yes","Yes","No","No","No","Yes","No","No","No","No",3
1750,23,"Yes","No","No","Yes","Yes","No","No","Yes","Yes","No","Yes","Yes","Yes","Yes","No",4
1000,24,"Yes","Yes","No","No","Yes","Yes","No","Yes","No","Yes","Yes","No","Yes","Yes","No",2
1650,38,"No","Yes","Yes","Yes","No","No","Yes","No","Yes","No","No","Yes","No","No","Yes",5
100,23,"Yes","Yes","No","Yes","Yes","Yes","Yes","No","Yes","No","No","No","Yes","No","Yes",1
1350,30,"No","No","No","Yes","No","No","No","No","Yes","Yes","No","No","Yes","No","Yes",1
500,18,"Yes","Yes","Yes","Yes","No","Yes","No","No","No","Yes","No","Yes","No","Yes","No",3
950,19,"No","No","No","Yes","No","No","No","No","No","Yes","No","No","Yes","Yes","Yes",1
950,34,"Yes","No","No","Yes","No","Yes","No","No","Yes","No","No","No","Yes","Yes","Yes",1
850,28,"No","No","No","Yes","Yes","Yes","Yes","Yes","No","No","Yes","Yes","Yes","No","No",2
100,22,"No","No","No","No","Yes","No","Yes","Yes","No","No","No","Yes","Yes","Yes","No",4
700,14,"Yes","No","Yes","Yes","No","No","Yes","No","Yes","Yes","Yes","Yes","No","No","Yes",2
950,20,"No","No","Yes","No","No","No","Yes","No","No","No","No","No","No","Yes","Yes",1
300,25,"No","No","Yes","Yes","Yes","Yes","Yes","Yes","Yes","No","Yes","Yes","Yes","Yes","No",4
550,40,"Yes","Yes","No","Yes","Yes","Yes","No","No","No","Yes","Yes","No","Yes","Yes","Yes",5
1650,12,"Yes","No","No","No","Yes","Yes","No","No","Yes","No","No","No","Yes","Yes","No",2
950,31,"No","Yes","No","No","Yes","No","Yes","No","No","Yes","Yes","Yes","Yes","No","Yes",4
650,32,"Yes","Yes","No","No","Yes","No","No","Yes","Yes","No","Yes","No","Yes","Yes","Yes",3
1900,25,"Yes","No","Yes","Yes","Yes","No","No","No","No","Yes","No","Yes","Yes","Yes","Yes",1
1750,24,"Yes","Yes","No","No","Yes","No","No","Yes","Yes","Yes","Yes","No","Yes","No","Yes",4
1100,17,"Yes","Yes","No","No","Yes","No","No","No","Yes","No","Yes","No","No","No","No",3
1500,39,"No","No","No","Yes","Yes","No","No","Yes","Yes","Yes","No","Yes","Yes","Yes","No",4
900,22,"No","No","No","No","Yes","Yes","No","No","Yes","No","Yes","No","Yes","Yes","Yes",3
250,28,"No","Yes","Yes","Yes","No","No","Yes","Yes","Yes","No","No","No","Yes","Yes","Yes",3
1050,19,"No","No","Yes","No","No","Yes","Yes","Yes","Yes","Yes","No","No","Yes","No","No",2
550,26,"Yes","No","Yes","No","No","No","No","No","Yes","No","No","No","No","Yes","Yes",3
250,36,"Yes","Yes","No","Yes","Yes","No","No","Yes","Yes","No","No","No","No","No","No",4
1300,15,"No","Yes","No","Yes","Yes","No","No","No","Yes","No","No","No","Yes","Yes","Yes",3
1950,17,"Yes","Yes","Yes","Yes","No","Yes","No","No","Yes","Yes","No","No","Yes","No","No",4
1350,33,"No","No","No","Yes","Yes","Yes","No","Yes","No","Yes","Yes","No","No","Yes","Yes",5
1500,16,"Yes","Yes","No","Yes","Yes","No","No","Yes","No","Yes","No","Yes","No","Yes","Yes",1
100,31,"Yes","No","Yes","No","Yes","No","No","Yes","No","Yes","Yes","Yes","Yes","Yes","Yes",3
150,15,"No","Yes","No","Yes","No","Yes","Yes","Yes","No","No","Yes","No","No","No","No",5
250,30,"Yes","Yes","No","Yes","Yes","Yes","Yes","No","Yes","No","No","Yes","No","No","No",4
1550,40,"Yes","No","Yes","No","Yes","Yes","No","No","Yes","Yes","Yes","No","Yes","Yes","No",2
1400,38,"No","Yes","Yes","Yes","Yes","No","No","No","Yes","No","No","No","Yes","Yes","Yes",1
600,18,"No","Yes","Yes","Yes","No","Yes","Yes","No","Yes","No","No","Yes","No","Yes","Yes",3
750,24,"Yes","No","No","No","Yes","No","Yes","Yes","No","Yes","Yes","Yes","Yes","No","No",5
650,15,"No","Yes","No","Yes","Yes","Yes","No","No","No","Yes","Yes","Yes","No","Yes","Yes",4
1850,34,"Yes","No","Yes","No","No","Yes","Yes","No","No","No","No","No","No","Yes","Yes",5
300,28,"Yes","No","No","Yes","No","Yes","Yes","Yes","No","Yes","Yes","Yes","No","Yes","Yes",3
1900,23,"Yes","Yes","Yes","Yes","No","Yes","Yes","No","Yes","No","No","Yes","No","Yes","No",1
500,13,"Yes","No","Yes","No","Yes","No","Yes","Yes","Yes","No","No","Yes","No","No","Yes",4
1900,38,"Yes","Yes","No","Yes","Yes","No","No","Yes","No","Yes","Yes","Yes","No","No","No",2
1200,17,"No","No","Yes","Yes","Yes","Yes","Yes","Yes","No","No","Yes","No","No","Yes","Yes",3
1300,16,"No","Yes","No","No","Yes","Yes","Yes","Yes","No","No","No","Yes","No","Yes","Yes",2
650,33,"Yes","No","Yes","Yes","No","Yes","No","Yes","No","No","Yes","Yes","Yes","Yes","No",2
500,14,"Yes","Yes","No","No","No","Yes","Yes","Yes","No","Yes","Yes","Yes","No","No","Yes",5
1450,33,"Yes","No","Yes","Yes","Yes","Yes","No","Yes","Yes","Yes","Yes","Yes","Yes","No","No",3
600,14,"No","No","No","Yes","Yes","No","No","Yes","Yes","No","No","No","No","Yes","Yes",2
1500,34,"Yes","No","Yes","No","Yes","Yes","Yes","No","Yes","No","No","Yes","Yes","Yes","Yes",3
1600,33,"No","No","No","No","Yes","No","Yes","No","Yes","No","Yes","Yes","No","No","No",2
1000,21,"Yes","Yes","No","No","No","No","Yes","No","No","Yes","Yes","No","No","Yes","No",4
400,38,"No","No","No","No","No","Yes","No","Yes","Yes","Yes","Yes","Yes","Yes","No","Yes",3
1500,17,"No","Yes","Yes","Yes","No","No","Yes","Yes","Yes","No","No","Yes","No","Yes","Yes",1
800,28,"No","Yes","No","Yes","Yes","No","Yes","No","Yes","No","No","No","Yes","Yes","No",3
200,39,"No","No","No","No","No","Yes","Yes","No","Yes","Yes","Yes","Yes","Yes","Yes","No",5
750,19,"No","Yes","No","Yes","No","Yes","No","Yes","No","Yes","Yes","No","No","Yes","Yes",5
950,22,"No","No","No","No","No","Yes","No","No","No","Yes","No","Yes","No","Yes","Yes",1
100,29,"Yes","No","No","No","No","Yes","No","Yes","No","Yes","Yes","No","No","No","Yes",1
100,35,"Yes","Yes","Yes","No","No","Yes","No","Yes","No","Yes","Yes","No","Yes","Yes","Yes",3
1300,22,"Yes","No","Yes","Yes","Yes","No","Yes","Yes","Yes","Yes","No","Yes","No","Yes","No",2
350,13,"No","No","Yes","No","No","No","No","Yes","Yes","Yes","No","Yes","No","Yes","Yes",1
950,20,"Yes","Yes","No","Yes","Yes","Yes","Yes","Yes","Yes","Yes","No","No","No","No","No",5
1700,13,"No","Yes","Yes","No","Yes","No","Yes","No","No","No","No","No","No","No","Yes",4
550,26,"Yes","Yes","No","No","Yes","Yes","Yes","Yes","No","No","No","Yes","No","No","Yes",5
500,24,"Yes","No","No","No","No","Yes","Yes","Yes","Yes","No","Yes","No","Yes","Yes","No",5
200,18,"No","Yes","No","Yes","Yes","No","Yes","No","Yes","No","Yes","Yes","Yes","Yes","Yes",1
1550,17,"Yes","No","No","Yes","Yes","No","Yes","No","No","No","No","No","Yes","No","Yes",5
1950,28,"No","Yes","Yes","Yes","Yes","Yes","Yes","No","No","No","Yes","Yes","Yes","Yes","Yes",2
1000,19,"No","Yes","No","No","Yes","Yes","No","No","Yes","No","Yes","No","Yes","Yes","Yes",4
1300,18,"No","Yes","No","Yes","No","No","Yes","No","No","Yes","No","Yes","No","No","Yes",1
200,39,"No","No","No","Yes","Yes","No","No","Yes","Yes","Yes","Yes","No","Yes","Yes","Yes",1
1850,23,"Yes","Yes","Yes","No","Yes","No","Yes","Yes","Yes","Yes","Yes","No","No","Yes","Yes",5
800,39,"Yes","No","No","No","Yes","No","No","Yes","No","Yes","Yes","No","Yes","No","Yes",3
950,26,"Yes","No","Yes","No","Yes","No","Yes","Yes","Yes","No","Yes","No","Yes","No","No",3
1650,26,"Yes","No","No","Yes","No","Yes","No","No","No","Yes","Yes","No","No","Yes","Yes",3
100,29,"No","Yes","Yes","No","Yes","No","Yes","Yes","No","No","Yes","Yes","No","Yes","No",1
450,22,"No","No","No","No","No","Yes","No","No","Yes","No","No","Yes","No","No","Yes",1
1250,33,"Yes","No","Yes","Yes","No","No","No","No","Yes","No","Yes","No","No","Yes","No",2
750,13,"No","Yes","No","No","Yes","No","Yes","Yes","Yes","Yes","Yes","No","No","No","No",1
850,28,"Yes","No","No","Yes","Yes","Yes","No","Yes","No","No","Yes","Yes","No","Yes","No",5
900,33,"No","No","Yes","No","Yes","No","Yes","Yes","Yes","No","Yes","Yes","Yes","Yes","Yes",3
700,21,"Yes","Yes","No","No","No","Yes","Yes","Yes","Yes","Yes","No","Yes","No","Yes","Yes",3
1300,31,"No","Yes","Yes","Yes","No","Yes","No","No","No","No","No","Yes","No","Yes","No",2
1300,23,"Yes","No","Yes","Yes","Yes","Yes","Yes","No","Yes","No","Yes","Yes","No","Yes","Yes",2
100,31,"No","Yes","No","Yes","No","No","Yes","No","Yes","Yes","No","No","No","No","No",4
1650,27,"No","Yes","No","No","Yes","Yes","Yes","Yes","No","Yes","Yes","Yes","Yes","Yes","Yes",3
350,20,"Yes","Yes","No","Yes","Yes","No","Yes","No","Yes","Yes","Yes","No","No","Yes","Yes",2
50,21,"Yes","No","No","Yes","No","No","No","No","No","No","No","Yes","No","No","No",3
2000,36,"No","No","No","Yes","No","Yes","Yes","No","Yes","Yes","No","Yes","Yes","No","Yes",5
950,25,"Yes","No","Yes","No","Yes","Yes","Yes","Yes","No","Yes","Yes","Yes","Yes","Yes","Yes",3
1150,12,"Yes","Yes","No","Yes","Yes","No","No","No","Yes","Yes","No","No","Yes","No","No",5
250,21,"Yes","No","No","No","Yes","Yes","Yes","No","No","No","No","No","Yes","No","Yes",1
400,14,"Yes","Yes","No","No","Yes","Yes","Yes","No","No","Yes","No","No","No","Yes","Yes",5
1300,40,"No","Yes","Yes","No","Yes","No","No","Yes","Yes","Yes","No","Yes","Yes","No","No",1
800,18,"No","No","No","Yes","No","No","Yes","Yes","Yes","No","No","Yes","Yes","Yes","Yes",5
350,22,"No","Yes","No","No","No","No","No","Yes","No","No","Yes","No","Yes","Yes","No",3
1700,25,"Yes","Yes","Yes","Yes","No","Yes","No","Yes","Yes","No","No","No","Yes","No","Yes",1
1900,39,"Yes","Yes","No","No","No","Yes","Yes","No","Yes","No","Yes","Yes","Yes","Yes","No",2
750,40,"Yes","Yes","Yes","Yes","No","Yes","No","Yes","Yes","Yes","Yes","No","No","Yes","No",5
850,34,"No","Yes","No","No","No","Yes","No","No","Yes","Yes","No","No","Yes","Yes","No",2
300,18,"No","Yes","Yes","No","No","No","Yes","No","No","No","No","No","No","Yes","Yes",4
750,17,"Yes","No","Yes","Yes","Yes","Yes","No","No","No","Yes","Yes","Yes","Yes","Yes","No",2
250,27,"No","No","No","No","Yes","Yes","Yes","Yes","Yes","Yes","Yes","Yes","Yes","Yes","No",4
350,34,"Yes","No","Yes","Yes","Yes","No","Yes","No","Yes","No","Yes","Yes","Yes","No","Yes",2
1000,29,"No","No","No","Yes","No","Yes","No","No","No","Yes","No","Yes","Yes","No","Yes",3
950,29,"No","Yes","No","Yes","Yes","Yes","Yes","Yes","Yes","Yes","Yes","No","No","Yes","Yes",4
200,12,"Yes","Yes","Yes","Yes","No","No","No","No","Yes","No","No","No","No","No","Yes",1
450,33,"No","Yes","No","No","Yes","Yes","Yes","No","Yes","No","No","Yes","Yes","No","No",4
1750,26,"Yes","Yes","No","No","No","Yes","No","Yes","Yes","Yes","Yes","No","No","Yes","No",5
1950,20,"No","No","Yes","Yes","No","Yes","No","No","No","No","No","No","No","No","Yes",5
100,26,"No","Yes","No","Yes","No","No","No","Yes","Yes","Yes","No","No","No","Yes","No",2
950,23,"No","No","No","No","Yes","Yes","Yes","Yes","No","No","Yes","Yes","Yes","Yes","Yes",3
1950,31,"No","No","No","Yes","No","Yes","No","Yes","No","No","Yes","No","No","No","No",2
1700,22,"No","No","No","No","No","Yes","Yes","No","No","No","Yes","Yes","Yes","No","Yes",3
800,14,"Yes","Yes","Yes","No","Yes","Yes","No","No","No","No","Yes","No","Yes","No","Yes",2
1850,31,"No","No","Yes","No","No","No","No","Yes","No","Yes","No","No","Yes","No","No",4
700,29,"Yes","No","Yes","Yes","Yes","Yes","No","No","Yes","Yes","Yes","No","No","No","No",1
1350,29,"Yes","Yes","No","Yes","Yes","No","No","No","Yes","Yes","Yes","Yes","Yes","No","Yes",1
250,15,"No","No","Yes","Yes","No","No","No","Yes","No","Yes","No","No","Yes","Yes","Yes",3
1950,30,"Yes","Yes","No","No","No","No","No","Yes","No","Yes","No","No","No","Yes","Yes",1
100,32,"No","Yes","Yes","No","No","No","No","Yes","No","No","Yes","Yes","No","Yes","No",1
1700,30,"No","No","Yes","No","No","Yes","Yes","No","No","Yes","No","Yes","No","No","Yes",3
1200,36,"No","Yes","Yes","No","Yes","No","Yes","No","Yes","Yes","Yes","No","Yes","No","Yes",1
450,24,"No","Yes","Yes","Yes","No","No","No","Yes","Yes","No","No","No","Yes","No","Yes",4
500,12,"No","Yes","No","No","No","No","Yes","Yes","Yes","Yes","Yes","Yes","Yes","Yes","Yes",4
0,34,"Yes","Yes","No","No","No","No","Yes","No","No","Yes","Yes","Yes","Yes","Yes","No",3
750,27,"No","Yes","No","Yes","Yes","No","Yes","Yes","No","Yes","Yes","Yes","Yes","Yes","Yes",3
1300,23,"No","No","No","No","No","No","Yes","No","Yes","Yes","Yes","Yes","No","Yes","Yes",1
400,29,"Yes","No","No","No","No","Yes","Yes","Yes","Yes","Yes","Yes","No","No","No","No",1
100,31,"No","No","No","Yes","No","Yes","No","Yes","Yes","No","No","No","No","Yes","Yes",5
1650,17,"No","Yes","No","Yes","Yes","Yes","No","No","Yes","No","No","No","No","No","Yes",5
1350,40,"Yes","No","Yes","No","No","Yes","Yes","No","Yes","No","No","No","Yes","No","Yes",2
1050,28,"Yes","No","No","No","No","Yes","No","Yes","Yes","No","Yes","Yes","Yes","No","Yes",5
1050,36,"No","No","No","Yes","No","Yes","No","No","No","No","Yes","Yes","No","Yes","No",3
650,23,"No","No","No","Yes","Yes","No","Yes","Yes","Yes","No","No","No","No","Yes","Yes",2
750,18,"No","No","Yes","No","No","Yes","Yes","Yes","No","Yes","Yes","No","Yes","Yes","No",5
1350,35,"No","Yes","Yes","No","Yes","No","No","Yes","No","Yes","No","Yes","Yes","Yes","Yes",5
500,26,"Yes","Yes","No","No","Yes","No","Yes","Yes","No","No","Yes","Yes","Yes","No","Yes",1
250,20,"Yes","Yes","No","Yes","Yes","No","Yes","No","Yes","Yes","No","No","Yes","Yes","Yes",1
450,28,"Yes","Yes","No","No","Yes","Yes","Yes","No","No","Yes","Yes","Yes","No","Yes","No",2
850,13,"Yes","No","Yes","Yes","No","No","No","Yes","No","Yes","Yes","No","No","No","No",5
50,33,"No","No","Yes","No","No","Yes","No","No","No","Yes","No","Yes","No","No","No",5
1800,25,"No","No","No","No","Yes","No","No","No","No","Yes","Yes","Yes","Yes","No","Yes",2
400,31,"Yes","No","No","No","Yes","Yes","No","Yes","No","No","No","No","No","No","No",3
700,29,"No","Yes","No","No","No","Yes","No","No","No","No","Yes","No","Yes","No","No",5
1600,38,"Yes","No","No","No","No","No","Yes","Yes","No","Yes","Yes","No","Yes","Yes","Yes",4
1750,27,"Yes","No","No","No","Yes","No","Yes","Yes","No","No","Yes","Yes","No","Yes","Yes",1
700,38,"No","Yes","Yes","Yes","Yes","Yes","Yes","Yes","No","Yes","Yes","No","No","No","No",3
1650,38,"No","No","No","No","Yes","No","No","Yes","No","No","Yes","No","No","No","No",1
1300,27,"Yes","Yes","No","No","No","Yes","Yes","Yes","Yes","Yes","No","No","No","No","Yes",3
1300,37,"No","No","No","Yes","Yes","No","Yes","No","No","Yes","Yes","No","No","Yes","No",1
1550,12,"No","Yes","No","No","Yes","Yes","No","Yes","Yes","No","Yes","Yes","Yes","No","No",3
200,15,"Yes","No","Yes","No","No","Yes","Yes","Yes","Yes","Yes","Yes","No","No","No","No",2
900,16,"Yes","No","No","Yes","Yes","No","Yes","Yes","No","Yes","No","Yes","Yes","No","No",3
850,37,"Yes","No","Yes","Yes","Yes","Yes","Yes","Yes","Yes","Yes","Yes","No","No","No","No",1
1700,21,"Yes","Yes","Yes","Yes","Yes","Yes","No","Yes","Yes","No","No","Yes","No","Yes","No",2
250,19,"No","No","No","No","Yes","No","Yes","Yes","No","Yes","Yes","Yes","No","No","No",3
500,28,"Yes","Yes","No","No","Yes","Yes","Yes","No","Yes","Yes","No","No","Yes","No","No",1
350,23,"Yes","No","No","No","No","No","Yes","No","No","Yes","No","No","Yes","No","No",4
450,36,"Yes","Yes","No","Yes","No","No","Yes","No","Yes","Yes","No","No","Yes","Yes","Yes",5
350,23,"No","No","No","No","Yes","Yes","Yes","Yes","No","No","Yes","Yes","Yes","No","Yes",4
1100,17,"Yes","No","No","No","No","No","Yes","Yes","No","No","No","No","No","Yes","No",3
1750,22,"Yes","No","No","Yes","No","Yes","No","Yes","Yes","Yes","Yes","Yes","Yes","No","No",5
500,25,"Yes","Yes","Yes","No","Yes","Yes","No","Yes","Yes","No","No","Yes","No","No","Yes",3
750,36,"No","No","Yes","Yes","Yes","Yes","Yes","No","No","Yes","Yes","No","No","No","Yes",5
650,31,"Yes","Yes","Yes","Yes","Yes","No","Yes","Yes","Yes","Yes","No","Yes","No","No","Yes",1
950,18,"No","No","No","Yes","Yes","No","No","Yes","No","Yes","Yes","No","No","No","No",1
50,19,"Yes","No","No","Yes","No","Yes","Yes","Yes","No","Yes","No","No","No","Yes","No",1
250,39,"No","Yes","Yes","No","No","Yes","No","No","Yes","No","No","No","No","No","No",4
750,39,"No","No","Yes","No","Yes","No","Yes","No","No","Yes","Yes","Yes","Yes","No","Yes",2
1200,36,"No","Yes","Yes","No","Yes","Yes","No","Yes","No","No","No","No","No","No","Yes",1
350,12,"No","No","Yes","Yes","Yes","No","Yes","Yes","Yes","Yes","No","No","Yes","Yes","No",1
550,32,"Yes","Yes","No","Yes","Yes","No","No","No","No","Yes","No","Yes","No","Yes","No",1
500,12,"Yes","Yes","No","Yes","No","Yes","No","No","No","Yes","No","No","Yes","Yes","No",3
400,14,"No","Yes","Yes","No","No","No","No","No","Yes","Yes","No","Yes","No","No","No",5
900,12,"No","No","No","No","Yes","Yes","Yes","Yes","No","No","No","No","Yes","Yes","Yes",4
1900,21,"Yes","No","Yes","No","No","No","Yes","No","No","Yes","Yes","Yes","No","No","No",3
250,25,"No","Yes","Yes","No","Yes","No","Yes","No","No","No","Yes","No","No","Yes","Yes",1
450,33,"No","Yes","Yes","Yes","Yes","No","Yes","Yes","No","Yes","Yes","Yes","Yes","Yes","No",3